"$100","$100","lesson 19"
"$25","$25","lesson 19"
"$300,000,000","$300,000,000","lesson 19"
"$50","$50","lesson 19"
"1","1","lesson 25"
"10","10","lesson 16"
"10","10","lesson 20"
"10,000","10,000","lesson 20"
"100","100","lesson 20"
"150,000","150,000","lesson 19"
"1624","1624","lesson 21"
"1860","1860","lesson 21"
"1923","1923","lesson 25"
"1948","1948","lesson 16"
"19th","19t","lesson 18"
"2","2","lesson 19"
"20","20","lesson 13"
"200,000","200,000","lesson 19"
"20th","20t","lesson 28"
"23","23","lesson 19"
"2900","2900","lesson 17"
"3","3","lesson 16"
"300,00","300,000","lesson 19"
"3400","3400","lesson 17"
"3rd","3rd","lesson 28"
"400","400","lesson 20"
"50","50","lesson 20"
"70","70","lesson 20"
"80","80","lesson 25"
"II","2","lesson 28"
"a","a","lesson 3"
"abate","abat","lesson 1(complete text)"
"abbey","ab","lesson 69 (complete text)"
"ability","abl","lesson 5, common word beginnings and endings"
"able","ab","lesson 26"
"about","a","lesson 3, briefs a=an, and, at, about"
"above","abv","lesson 30"
"absences","absns","lesson 4"
"abstract","abstrk","lesson 68 (complete text)"
"abundance","abndn","lesson 18"
"accelerated","aclratd","lesson 18"
"accept","acpt","lesson 1, rule 5 (omit silent consonants within a word [treat the 2nd of a double consonant as silent])"
"accessories","acsrs","lesson 54 (complete text)"
"accident","acdn","lesson 8"
"accommodations","acmodass","lesson 6"
"accomplish","acpls","lesson 3"
"accredited","acrdtd","lesson 58 (complete text)"
"accuracy","acurc","lesson 24"
"acetate","actat","lesson 53 (complete text)"
"acid","acd","lesson 15"
"acids","acds","lesson 26"
"acorns","acrns","lesson 17"
"acoustics","acostcs","lesson 67 (complete text)"
"acre","acr","lesson 1(complete text)"
"acreage","acrg","lesson 48 (complete text)"
"act","ak","lesson 19"
"action","acs","lesson 26"
"activity","actvt","lesson 10"
"acts","aks","lesson 19"
"actual","actul","lesson 5, common word beginnings and endings"
"actually","actul","lesson 9"
"adaptation","adptas","lesson 67 (complete text)"
"add","ad","lesson 28"
"added","add","lesson 29"
"addition","ads","lesson 17 (complete text)"
"additional","adsl","lesson 18"
"address","adrs","lesson 3"
"adhesive","adhsv","lesson 61 (complete text)"
"adulteration","adltras","lesson 62 (complete text)"
"adults","adlts","lesson 10"
"advance","advn","lesson 7 (complete text)"
"advanced","advnd","lesson 30"
"advised","advisd","lesson 4"
"affair","afr","lesson 3"
"affected","afctd","lesson 23"
"afford","afd","lesson 5, common word beginnings and endings"
"after","aftr","lesson 4"
"aftermath","aftrmt","lesson 5, common word beginnings and endings"
"afternoon","aftrnon","lesson 4"
"afterwards","aftrwrds","lesson 26"
"again","agn","lesson 8 (complete text)"
"against","agnst","lesson 22"
"age","ag","lesson 1, rule 2 (always write a sounding vowel if at the beginning of a word)"
"agency","agnc","lesson 8"
"agents","agns","lesson 19"
"ages","ags","lesson 16"
"aggressive","agrsv","lesson 18"
"aggressivity","agrsvt","lesson 65 (complete text)"
"agitator","agtatr","lesson 64 (complete text)"
"ago","ago","lesson 18 (but note short form in phrase 'years ago')"
"aid","ad","lesson 3"
"aide","ad","lesson 7 (complete text)"
"air","ar","lesson 27"
"aircraft","arcrft","lesson 49 (complete text)"
"airline","arlin","lesson 70 (complete text)"
"airshaft","arsft","lesson 56 (complete text)"
"alarm","alrm","lesson 1(complete text)"
"alkali","alkli","lesson 26"
"alkalies","alklis","lesson 26"
"all","l","lesson 3, briefs l=all, also, letter, well, will"
"allege","alg","lesson 7"
"allegiance","algn","lesson 29"
"allergic","alrgc","lesson 70 (complete text)"
"alleviate","alvat","lesson 8"
"allowances","alwns","lesson 16"
"allowed","alwd","lesson 26"
"alone","alon","lesson 3"
"along","alg","lesson 12"
"alpaca","alpca","lesson 69 (complete text)"
"alpha","alfa","lesson 52 (complete text)"
"alphabetical","alfbtcl","lesson 66 (complete text)"
"already","alrd","lesson 6"
"also","l","lesson 3, briefs l=all, also, letter, well, will"
"alter","altr","lesson 69 (complete text)"
"alternating","altrnatg","lesson 59 (complete text)"
"although","alto","lesson 22"
"altitude","alttud","lesson 5, common word beginnings and endings"
"altogether","altgtr","lesson 30"
"always","alwas","lesson 27"
"am","m","lesson 3, briefs m=am, made, man, me, men, my"
"ambitious","ambss","lesson 9"
"amble","amb","lesson 11"
"america","amrca","lesson 7"
"american","amrcn","lesson 3"
"ammeter","amtr","lesson 59 (complete text)"
"ammonia","amona","lesson 26"
"ammunition","amuns","lesson 63 (complete text)"
"among","amg","lesson 18"
"amount","amt","lesson 23"
"amounts","amts","lesson 15"
"ampere","ampr","lesson 59 (complete text)"
"amphibious","amfbs","lesson 63 (complete text)"
"amplifier","amplfr","lesson 60 (complete text)"
"amplifiers","amplfrs","lesson 67 (complete text)"
"an","a","lesson 3, briefs a=an, and, at, about"
"analysis","anls","lesson 9"
"and","a","lesson 3, briefs a=an, and, at, about"
"anesthesia","ansteza","lesson 70 (complete text)"
"angle","agl","lesson 20"
"animal","anml","lesson 21"
"animals","anmls","lesson 22"
"annex","anx","lesson 15"
"announce","anwn","lesson 10"
"annual","anul","lesson 29"
"annually","anul","lesson 19"
"another","antr","lesson 3"
"answer","ansr","lesson 1, rule 5 (omit silent consonants within a word [treat the 2nd of a double consonant as silent])"
"anthracite","antrcit","lesson 56 (complete text)"
"antibiotic","antbitc","lesson 62 (complete text)"
"antisocial","antsosl","lesson 65 (complete text)"
"anxious","ankss","lesson 8"
"anxiously","ankssl","lesson 6"
"any","an","lesson 4"
"anyone","anwn","lesson 24"
"anything","antg","lesson 18"
"apart","aprt","lesson 27"
"apostolic","apstlc","lesson 69 (complete text)"
"appear","apr","lesson 7"
"appearance","aprn","lesson 20"
"appearances","aprn","lesson 20"
"apple","apl","lesson 1, rule 5 (omit silent consonants within a word [treat the 2nd of a double consonant as silent])"
"applies","aplis","lesson 27"
"apply","apli","lesson 26"
"appraisal","aprasl","lesson 68 (complete text)"
"appreciably","aprsbl","lesson 9"
"appreciate","aprsat","lesson 10"
"approaching","aprocg","lesson 9"
"appropriate","aproprat","lesson 10"
"approximately","aprxmtl","lesson 19"
"april","a","lesson 4, day of week and months"
"aptitude","apttud","lesson 28"
"arbor","arbr","lesson 7"
"archbishop","arcbsp","lesson 69 (complete text)"
"architects","arctcs","lesson 9"
"architectural","arctctrl","lesson 51 (complete text)"
"are","r","lesson 3, lesson 4, briefs r=are, or, order, our, return"
"areas","ars","lesson 7"
"aristocracy","arstcrc","lesson 21"
"armature","armtr","lesson 59 (complete text)"
"armholes","armhols","lesson 20"
"army","arm","lesson 28"
"arrangements","aragms","lesson 8"
"arrive","ariv","lesson 6"
"arrived","arivd","lesson 6"
"article","artcl","lesson 7"
"articles","artcls","lesson 28"
"artillery","artlr","lesson 63 (complete text)"
"arts","arts","lesson 58 (complete text)"
"as","z","lesson 4, briefs z=as, has, his, was"
"ascorbic","ascrbc","lesson 62 (complete text)"
"ash","as","lesson 56 (complete text)"
"ask","ask","lesson 24"
"asked","askd","lesson 3"
"asking","askg","lesson 4"
"asleep","aslep","lesson 7"
"asphalt","asflt","lesson 51 (complete text)"
"asphaltic","asfltc","lesson 57 (complete text)"
"aspic","aspc","lesson 2 (complete text)"
"assessments","asms","lesson 68 (complete text)"
"assignment","asinm","lesson 4"
"assimilated","asmlatd","lesson 16"
"assist","ast","lesson 8"
"assistance","astn","lesson 9"
"association","asosas","lesson 9"
"associations","asosass","lesson 19"
"assure","asr","lesson 14"
"assures","asrs","lesson 22"
"at","a","lesson 3, briefs a=an, and, at, about"
"ate","at","lesson 1, rule 2 (always write a sounding vowel if at the beginning of a word)"
"attaches","atsas","lesson 20"
"attend","atn","lesson 4"
"attention","atns","lesson 4"
"attitude","attud","lesson 9"
"attribute","atrbut","lesson 5, common word beginnings and endings"
"audimeter","admtr","lesson 67 (complete text)"
"audiometer","admtr","lesson 60 (complete text)"
"audition","ads","lesson 67 (complete text)"
"august","ag","lesson 4, day of week and months"
"authority","atr","lesson 25"
"automatically","atomtcl","lesson 7"
"auxiliaries","axlrs","lesson 63 (complete text)"
"avail","aval","lesson 32 (complete text)"
"available","avalb","lesson 23"
"average","avrg","lesson 24"
"avocados","avcdos","lesson 25"
"avoid","avyd","lesson 7"
"awaiting","awatg","lesson 6"
"awful","awf","lesson 5, common word beginnings and endings"
"b-29's","b-29's","lesson 28"
"b.c.","b.c.","lesson 17"
"baby","bab","lesson 2, phonetic abbreviations"
"baccalaureate","bclrt","lesson 58 (complete text)"
"back","bk","lesson 17"
"backhaul","bkhl","lesson 70 (complete text)"
"bacteria","bctra","lesson 22"
"bad","bd","lesson 29"
"bag","bg","lesson 14"
"bake","bak","lesson 1, rule 1 (never write a silent vowel)"
"baking","bakg","lesson 26"
"ball","bl","lesson 9"
"balloon","blon","lesson 10"
"balmy","bm","lesson 2, phonetic abbreviations"
"bang","bg","lesson 2, phonetic abbreviations"
"bank","bnk","lesson 8"
"banks","bnks","lesson 19"
"banner","bnr","lesson 27"
"baptism","bptsm","lesson 69 (complete text)"
"bare","br","lesson 2, phonetic abbreviations"
"bargain","brgn","lesson 24"
"bargains","brgns","lesson 24"
"base","bas","lesson 1, rule 1 (never write a silent vowel)"
"basement","basm","lesson 68 (complete text)"
"basic","basc","lesson 28"
"bat","bt","lesson 2, phonetic abbreviations"
"batch","bc","lesson 2, phonetic abbreviations"
"batiste","btst","lesson 69 (complete text)"
"battery","btr","lesson 56 (complete text)"
"battlefield","btlfld","lesson 30"
"be","b","lesson 3, briefs b=be, by, buy, been, but"
"beach","bc","lesson 2, phonetic abbreviations"
"beam","bm","lesson 57 (complete text)"
"bear","br","lesson 2 (complete text)"
"beautiful","butf","lesson 3"
"beautify","butf","lesson 2, phonetic abbreviations"
"became","bcam","lesson 21"
"because","bcs","lesson 2, phonetic abbreviations"
"become","bc","lesson 7"
"becoming","bcg","lesson 21"
"bed","bd","lesson 1(complete text)"
"bedroom","bdrom","lesson 68 (complete text)"
"beef","bef","lesson 21"
"been","b","lesson 3, briefs b=be, by, buy, been, but"
"befit","bft","lesson 2 (complete text)"
"before","bf","lesson 5, common word beginnings and endings"
"beg","bg","lesson 1,rule 3 (omit sounding vowels within a word, unless they have a long sound)"
"begin","bgn","lesson 28"
"behind","bhin","lesson 3"
"behold","bhold","lesson 11"
"believed","blvd","lesson 13"
"belong","blg","lesson 11"
"below","blo","lesson 11"
"belt","blt","lesson 21"
"ben","bn","lesson 66 (complete text)"
"bend","dn","lesson 2, phonetic abbreviations"
"beneficial","bnfsl","lesson 9"
"benefit","bnft","lesson 9"
"benzine","bnzn","lesson 64 (complete text)"
"beryllium","brlm","lesson 52 (complete text)"
"best","bst","lesson 3"
"beta","bata","lesson 52 (complete text)"
"better","btf","lesson 15"
"between","btwen","lesson 19"
"bevel","bvl","lesson 57 (complete text)"
"beverages","bvrgs","lesson 29"
"beware","bwr","lesson 15"
"beyond","byn","lesson 18"
"bible","bib","lesson 21"
"bibliography","bblgrf","lesson 66 (complete text)"
"bid","bd","lesson 1,rule 3 (omit sounding vowels within a word, unless they have a long sound)"
"big","bg","lesson 28"
"bill","bl","lesson 10"
"billion","blyn","lesson 19"
"bills","bls","lesson 3"
"bin","bn","lesson 2, phonetic abbreviations"
"bind","bin","lesson 20"
"bindery","binr","lesson 66 (complete text)"
"birth","brt","lesson 30"
"bismuth","bsmt","lesson 53 (complete text)"
"bite","bit","lesson 1,rule 3 (omit sounding vowels within a word, unless they have a long sound)"
"bituminous","btums","lesson 56 (complete text)"
"blame","blam","lesson 29"
"blended","blnd","lesson 27"
"blight","blit","lesson 10"
"block","blk","lesson 13"
"blow","blo","lesson 8"
"blower","blor","lesson 56 (complete text)"
"blueprint","bloprn","lesson 51 (complete text)"
"body","bd","lesson 15"
"boil","byl","lesson 2, phonetic abbreviations"
"boldface","boldfac","lesson 66 (complete text)"
"bomb","bm","lesson 28"
"bombard","bmbrd","lesson 63 (complete text)"
"bombs","bms","lesson 27"
"bonds","bns","lesson 19"
"bone","bon","lesson 1, rule 1 (never write a silent vowel)"
"bones","bons","lesson 16"
"book","bok","lesson 1(complete text)"
"boot","bot","lesson 1, rule 4 (if a word contains a double vowel, write only one)"
"borax","brx","lesson 53 (complete text)"
"both","bot","lesson 6"
"bottle","btl","lesson 14"
"bottles","btls","lesson 14"
"bought","bt","lesson 24"
"bound","bwn","lesson 27"
"bout","bwt","lesson 2, phonetic abbreviations"
"box","bx","lesson 1,rule 3 (omit sounding vowels within a word, unless they have a long sound)"
"boxes","bxs","lesson 14"
"boy","by","lesson 3"
"boy's","by's","lesson 7"
"braised","brasd","lesson 23"
"branch","brnc","lesson 4"
"branches","brncs","lesson 8"
"brands","brns","lesson 28"
"brass","brs","lesson 10"
"brave","brav","lesson 6"
"bread","brd","lesson 61 (complete text)"
"break","brak","lesson 27"
"breaker","brakr","lesson 59 (complete text)"
"breed","bred","lesson 23"
"brick","brk","lesson 10"
"bridge","brg","lesson 1, rule 5 (omit silent consonants within a word [treat the 2nd of a double consonant as silent])"
"brief","brf","lesson 3"
"briefhand","brfhn","lesson 1"
"bright","brit","lesson 27"
"bring","brg","lesson 2, phonetic abbreviations"
"bringing","brgg","lesson 28"
"broad","brd","lesson 23"
"broadcloth","brdclt","lesson 54 (complete text)"
"broiled","bryld","lesson 23"
"broke","brok","lesson 6"
"brook","brok","lesson 9"
"broom","brom","lesson 1(complete text)"
"brought","brt","lesson 17"
"brush","brs","lesson 26"
"buckingham","bkghm","lesson 5, common word beginnings and endings"
"build","bld","lesson 16"
"built-ins","blt-ns","lesson 51 (complete text)"
"bull","bl","lesson 21"
"bulldozer","bldozr","lesson 57 (complete text)"
"buried","brd","lesson 11"
"burning","brng","lesson 56 (complete text)"
"bursting","brstg","lesson 27"
"business","bsn","lesson 3"
"busy","bs","lesson 2, phonetic abbreviations"
"but","b","lesson 3, briefs b=be, by, buy, been, but"
"butter","btr","lesson 25"
"button","btn","lesson 5, common word beginnings and endings"
"buy","b","lesson 3, briefs b=be, by, buy, been, but"
"buying","bg","lesson 24"
"buys","bs","lesson 14"
"by","b","lesson 3, briefs b=be, by, buy, been, but"
"cable","cab","lesson 2, phonetic abbreviations"
"cage","cag","lesson 2 (complete text)"
"cagy","cag","lesson 2, phonetic abbreviations"
"calcium","clcm","lesson 16"
"calendering","clndrg","lesson 69 (complete text)"
"calf","cf","lesson 21"
"calibrate","clbrat","lesson 64 (complete text)"
"calibration","clbras","lesson 60 (complete text)"
"call","cl","lesson 1, rule 5 (omit silent consonants within a word [treat the 2nd of a double consonant as silent])"
"calorie","clor","lesson 29"
"came","cam","lesson 3"
"can","c","lesson 3, briefs c=can, come, copy credit"
"candy","cnd","lesson 14"
"cannot","cn","lesson 26"
"canopy","cnop","lesson 2, phonetic abbreviations"
"cans","cns","lesson 14"
"cantaloupes","cntlops","lesson 25"
"cantilever","cntlvr","lesson 57 (complete text)"
"cap","cp","lesson 14"
"capable","capb","lesson 11"
"capacitance","cpctn","lesson 60 (complete text)"
"capacitor","cpctr","lesson 52 (complete text)"
"cape","cap","lesson 1, rule 1 (never write a silent vowel)"
"capital","cptl","lesson 20"
"captain","cptn","lesson 4"
"captured","cptrd","lesson 17"
"car","cr","lesson 3"
"carbon","crbn","lesson 4"
"carbonation","crbnas","lesson 62 (complete text)"
"carcass","crcs","lesson 22"
"carcasses","crcs","lesson 22"
"card","crd","lesson 33 (complete text)"
"care","cr","lesson 8"
"career","crer","lesson 9"
"careful","crf","lesson 2, phonetic abbreviations"
"careless","crls","lesson 5, common word beginnings and endings"
"cargo","crgo","lesson 70 (complete text)"
"carried","crd","lesson 11"
"carrier","crr","lesson 70 (complete text)"
"carry","cr","lesson 28"
"carrying","crg","lesson 21"
"cases","cas","lesson 9"
"casing","casg","lesson 64 (complete text)"
"castor","cstr","lesson 5, common word beginnings and endings"
"catalog","ctlg","lesson 7"
"catalogs","ctlgs","lesson 7"
"catalyst","ctlst","lesson 53 (complete text)"
"catch","cc","lesson 11"
"cater","catr","lesson 5, common word beginnings and endings"
"cathedral","ctedrl","lesson 69 (complete text)"
"cattle","ctl","lesson 21"
"cauliflower","clflwr","lesson 61 (complete text)"
"cause","cs","lesson 15"
"causes","cs","lesson 8"
"caution","cs","lesson 5, common word beginnings and endings"
"cedar","cdr","lesson 2 (complete text)"
"ceiling","clg","lesson 2, phonetic abbreviations"
"celebrity","clbr","lesson 2, phonetic abbreviations"
"cell","cl","lesson 11"
"cellophane","clofan","lesson 14"
"cement","cm","lesson 2 (complete text)"
"center","cntr","lesson 21"
"centers","cntrs","lesson 7"
"century","cntr","lesson 18"
"ceramic","crmc","lesson 57 (complete text)"
"certification","crtfcas","lesson 58 (complete text)"
"chain","can","lesson 52 (complete text)"
"chair","cr","lesson 2, phonetic abbreviations"
"chairman","crm","lesson 4"
"chances","cns","lesson 8"
"change","cag","lesson 28 (complete text)"
"changed","cagd","lesson 26"
"changing","cagg","lesson 9"
"chap","cp","lesson 2 (complete text)"
"characteristics","crctrstcs","lesson 23"
"characterizes","crctrizs","lesson 18"
"charitable","crtb","lesson 3"
"chart","crt","lesson 29"
"chase","cas","lesson 2 (complete text)"
"cheap","cep","lesson 2, phonetic abbreviations"
"check","x","lesson 4, briefs x=check"
"cheek","cek","lesson 2 (complete text)"
"cheer","cer","lesson 9 (complete text)"
"cheerful","cerf","lesson 12"
"chickens","ckns","lesson 13"
"chief","cef","lesson 4"
"chiffon","cfn","lesson 54 (complete text)"
"child","cild","lesson 14"
"children","cldrn","lesson 16"
"childs","cild's","lesson 28"
"chinese","cins","lesson 17"
"choice","cyc","lesson 8"
"choices","cys","lesson 6"
"choose","cos","lesson 7"
"chosen","cosn","lesson 23"
"christianity","crstnt","lesson 69 (complete text)"
"church","crc","lesson 11"
"circle","crcl","lesson 5, common word beginnings and endings"
"circuit","crct","lesson 59 (complete text)"
"circuits","crcts","lesson 67 (complete text)"
"circumvent","cs","lesson 5, common word beginnings and endings"
"circus","crcs","lesson 2 (complete text)"
"citizen","ctzn","lesson 3 (complete text)"
"citizens","ctzns","lesson 7"
"citrus","ctrs","lesson 25"
"city","ct","lesson 20"
"civic","cvc","lesson 6"
"civil","cvl","lesson 4"
"civilian","cvlyn","lesson 28"
"claimant","clamn","lesson 70 (complete text)"
"clarity","clr","lesson 14"
"clean","cln","lesson 8"
"cleaned","clnd","lesson 27"
"cleaning","clng","lesson 24"
"click","clk","lesson 2 (complete text)"
"climate","climt","lesson 12"
"clinical","clncl","lesson 70 (complete text)"
"cloister","clystr","lesson 69 (complete text)"
"close","clos","lesson 1, rule 1 (never write a silent vowel)"
"cloth","clt","lesson 24"
"clothes","clots","lesson 3"
"clothing","clotg","lesson 8"
"cloths","clts","lesson 24"
"clue","clo","lesson 6"
"coal","col","lesson 56 (complete text)"
"coat","cot","lesson 9"
"coaxial","coxl","lesson 67 (complete text)"
"cobalt","coblt","lesson 52 (complete text)"
"cockpit","ckpt","lesson 49 (complete text)"
"code","cod","lesson 6"
"coffee","cfe","lesson 61 (complete text)"
"coil","cyl","lesson 59 (complete text)"
"collating","colatg","lesson 66 (complete text)"
"collect","clk","lesson 27"
"collegiate","clgt","lesson 58 (complete text)"
"colloidal","colydl","lesson 53 (complete text)"
"colonial","clonl","lesson 17"
"colonists","clonsts","lesson 17"
"comb","com","lesson 61 (complete text)"
"combine","cbin","lesson 5, common word beginnings and endings"
"come","c","lesson 3, briefs c=can, come, copy credit"
"comforts","cfts","lesson 18"
"coming","cg","lesson 8"
"commandments","cmdms","lesson 69 (complete text)"
"commerce","cmrc","lesson 22"
"commercial","cmrsl","lesson 9"
"commission","cms","lesson 9"
"committee","cmte","lesson 4"
"commodities","cmdts","lesson 70 (complete text)"
"common","cm","lesson 8"
"commonly","cml","lesson 24"
"communications","cmuncass","lesson 8"
"communities","cmunts","lesson 8"
"community","cmunt","lesson 14"
"commutator","cmutatr","lesson 59 (complete text)"
"compare","cpr","lesson 2, phonetic abbreviations"
"compared","cprd","lesson 16"
"comparison","cprsn","lesson 29"
"compete","cpt","lesson 2 (complete text)"
"complaints","cplans","lesson 15"
"complete","cplt","lesson 29"
"completed","cpltd","lesson 4"
"completely","cpltl","lesson 25"
"completing","cpltg","lesson 3"
"compliment","cplm","lesson 5, common word beginnings and endings"
"components","cpons","lesson 63 (complete text)"
"compose","cpos","lesson 5, common word beginnings and endings"
"composition","cposs","lesson 5, common word beginnings and endings"
"compulsive","cplsv","lesson 65 (complete text)"
"conceived","ccvd","lesson 30"
"concentrate","ccntrat","lesson 6"
"concern","ccrn","lesson 3 (complete text)"
"concerned","ccrnd","lesson 10"
"concerning","ccrng","lesson 8"
"concluding","cclodg","lesson 4"
"conclusion","cclus","lesson 9"
"condemned","cdmd","lesson 22"
"condensation","cdnsas","lesson 4"
"conditions","cdss","lesson 9"
"cone","con","lesson 6"
"confess","cfs","lesson 11"
"congested","cgstd","lesson 7"
"congratulate","cgrtulat","lesson 10"
"congratulation","cgrtulas","lesson 5, common word beginnings and endings"
"congregation","cgrgas","lesson 69 (complete text)"
"conscientious","csnss","lesson 8"
"consecrate","cscrat","lesson 30"
"consecrated","cscratd","lesson 30"
"conservation","csrvas","lesson 48 (complete text)"
"consider","csdr","lesson 18"
"considerable","csdrb","lesson 3"
"consideration","csdras","lesson 29"
"considered","csdrd","lesson 21"
"consignee","csine","lesson 70 (complete text)"
"consistently","cstnl","lesson 16"
"construction","cstrcs","lesson 51 (complete text)"
"consult","cslt","lesson 29"
"consume","csum","lesson 5, common word beginnings and endings"
"consumer","csumr","lesson 22"
"consumers","csumrs","lesson 25"
"contain","ctan","lesson 22"
"container","ctanr","lesson 14"
"contaminate","ctmat","lesson 62 (complete text)"
"contaminated","ctmatd","lesson 22"
"contemporary","ctmporr","lesson 51 (complete text)"
"content","ctn","lesson 25"
"continent","ctnn","lesson 30"
"contingent","ctngn","lesson 4"
"continue","ctnu","lesson 5, common word beginnings and endings"
"continued","ctnud","lesson 12"
"continuity","ctnut","lesson 67 (complete text)"
"contract","ctrk","lesson 68 (complete text)"
"contributed","ctrbutd","lesson 3"
"contributes","ctrbuts","lesson 29"
"contributions","ctrbuss","lesson 3"
"control","ctrol","lesson 29"
"controllability","ctrolbl","lesson 49 (complete text)"
"convenience","cvnyn","lesson 18"
"conveniences","cvnyns","lesson 18"
"convenient","cvnyn","lesson 3 "
"conversion","cvrs","lesson 69 (complete text)"
"convert","cvrt","lesson 2, phonetic abbreviations"
"converter","cvrtr","lesson 60 (complete text)"
"conveyor","cvar","lesson 56 (complete text)"
"cook","cok","lesson 9"
"cooked","cokd","lesson 23"
"cooking","cokg","lesson 23"
"cool","col","lesson 1, rule 4 (if a word contains a double vowel, write only one)"
"cooperation","copras","lesson 28"
"copies","cs","lesson 4"
"copy","c","lesson 3, briefs c=can, come, copy credit"
"copyright","crit","lesson 66 (complete text)"
"cordially","crdl","lesson 16"
"corn","crn","lesson 21"
"corporations","crprass","lesson 19 (lesson 12 showed crporas, I believe that is an error)"
"correlate","crlat","lesson 66 (complete text)"
"correlation","crlas","lesson 58 (complete text)"
"corsage","crsg","lesson 3"
"cosmetic","csmtc","lesson 25"
"cosmetics","csmtcs","lesson 14"
"cosmology","csmlog","lesson 5, common word beginnings and endings"
"cosmopolitan","csmopltn","lesson 20"
"cosmotron","csmotrn","lesson 52 (complete text)"
"costly","cstl","lesson 20"
"cotton","ctn","lesson 18"
"could","cd","lesson 1(complete text)"
"couldn't","cdn'","lesson 3"
"counselor","cwnslr","lesson 58 (complete text)"
"counselors","cwnslrs","lesson 20"
"countries","cntrs","lesson 17"
"country","cntr","lesson 6"
"country's","cntr's","lesson 19"
"course","crs","lesson 19"
"courts","crts","lesson 63 (complete text)"
"cover","cvr","lesson 4"
"covering","cvrg","lesson 7"
"cow","cw","lesson 15"
"coward","cwrd","lesson 5, common word beginnings and endings"
"cowling","cwlg","lesson 49 (complete text)"
"cows","cws","lesson 22"
"crazy","craz","lesson 2, phonetic abbreviations"
"cream","crm","lesson 61 (complete text)"
"crease","crs","lesson 54 (complete text)"
"create","crat","lesson 2 (complete text)"
"created","cratd","lesson 30"
"creatures","crtrs","lesson 13"
"credit","c","lesson 3, briefs c=can, come, copy credit"
"creosoted","crosotd","lesson 57 (complete text)"
"cricket","crkt","lesson 11"
"crime","crim","lesson 12"
"crimp","crmp","lesson 27"
"crop","crp","lesson 48 (complete text)"
"cross","crs","lesson 3"
"crosshauling","crshlg","lesson 70 (complete text)"
"crowd","crwd","lesson 2 (complete text)"
"curlers","crlrs","lesson 61 (complete text)"
"current","crn","lesson 4"
"curricular","crculr","lesson 58 (complete text)"
"curtain","crtn","lesson 61 (complete text)"
"custom","cstm","lesson 29"
"customary","cstmr","lesson 17"
"customer","cstmr","lesson 7"
"customers","cstmrs","lesson 6"
"customs","cstms","lesson 23"
"cut","ct","lesson 7"
"cut-and-sewn","ct-a-son","lesson 20"
"cuts","cts","lesson 22"
"cutting","ctg","lesson 18"
"cuttings","ctgs","lesson 27"
"cycle","cicl","lesson 59 (complete text)"
"cyclorama","ciclorma","lesson 67 (complete text)"
"cyclotron","ciclotrn","lesson 52 (complete text)"
"d.c.","d.c.","lesson 20"
"dacron","dcrn","lesson 69 (complete text)"
"dad","dd","lesson 3"
"dairy","dr","lesson 2, phonetic abbreviations"
"damage","dmg","lesson 26"
"dance","dn","lesson 9"
"dare","dr","lesson 6"
"date","d","lesson 3, briefs d=dear, do, due, did, date, would"
"dawn's","dn's","lesson 27"
"day","da","lesson 3"
"days","das","lesson 28"
"de-icing","d-icg","lesson 49 (complete text)"
"dead","dd","lesson 30"
"deadline","ddlin","lesson 66 (complete text)"
"deal","dl","lesson 28"
"dealers","dlrs","lesson 12"
"dealing","dlg","lesson 25"
"dear","d","lesson 3, briefs d=dear, do, due, did, date, would"
"decades","dcads","lesson 21"
"deceiving","dcvg","lesson 24"
"december","d","lesson 4, day of week and months"
"decide","dcid","lesson 6"
"decided","dcidd","lesson 28"
"decision","dczn","lesson 10"
"decollete","daclta","lesson 54 (complete text)"
"decreasing","dcrsg","lesson 20"
"dedicate","ddcat","lesson 30"
"dedicated","ddcatd","lesson 30"
"deductions","ddcss","lesson 19"
"deed","ded","lesson 1, rule 4 (if a word contains a double vowel, write only one)"
"deer","der","lesson 9"
"defeat","dft","lesson 11"
"defense","dfn","lesson 4"
"defenses","dfns","lesson 2 (complete text)"
"defined","dfind","lesson 25"
"definition","dfns","lesson 25"
"deflate","dflat","lesson 5, common word beginnings and endings"
"deflection","dflcs","lesson 63 (complete text)"
"degree","dgre","lesson 28"
"dehydration","dhidras","lesson 62 (complete text)"
"delay","dla","lesson 4"
"delayed","dlad","lesson 4"
"deliver","dlvr","lesson 11"
"demand","dmd","lesson 23"
"dementia","dmsa","lesson 65 (complete text)"
"demulsify","dmlsf","lesson 64 (complete text)"
"demurrage","dmrg","lesson 70 (complete text)"
"denier","dnyr","lesson 54 (complete text)"
"denim","dnm","lesson 69 (complete text)"
"denominations","dnmass","lesson 19"
"dent","dn","lesson 2, phonetic abbreviations"
"department","dprtm","lesson 4"
"depends","dpns","lesson 27"
"depletion","dpls","lesson 52 (complete text)"
"deplore","dplor","lesson 2, phonetic abbreviations"
"depreciation","dprsas","lesson 9"
"deride","drid","lesson 2 (complete text)"
"dermatitis","drmtits","lesson 70 (complete text)"
"dermis","drms","lesson 5, common word beginnings and endings"
"descend","dsn","lesson 49 (complete text)"
"desk","dsk","lesson 25"
"despite","dspit","lesson 5, common word beginnings and endings"
"destroy","dstry","lesson 26"
"destroys","dstrys","lesson 22"
"detached","dtcd","lesson 63 (complete text)"
"detachments","dtcms","lesson 63 (complete text)"
"detailed","dtald","lesson 3"
"details","dtals","lesson 7"
"detained","dtand","lesson 4"
"determine","dtrm","lesson 23"
"detract","dtrk","lesson 30"
"develop","dvlp","lesson 28"
"developed","dvlpd","lesson 18"
"development","dvlpm","lesson 12"
"developments","dvlpms","lesson 6"
"devote","dvot","lesson 5, common word beginnings and endings"
"devotion","dvos","lesson 30"
"diagnostic","dignstc","lesson 58 (complete text)"
"dialogue","dilg","lesson 67 (complete text)"
"did","d","lesson 3, briefs d=dear, do, due, did, date, would"
"die","di","lesson 8"
"died","did","lesson 30"
"diesel","dsl","lesson 64 (complete text)"
"diet","dit","lesson 15"
"dietary","ditr","lesson 16"
"diets","dits","lesson 15"
"differences","dfrns","lesson 24"
"different","dfrn","lesson 20"
"difficult","dfclt","lesson 7"
"diffuse","dfus","lesson 5, common word beginnings and endings"
"dig","dg","lesson 1,rule 3 (omit sounding vowels within a word, unless they have a long sound)"
"dimension","dms","lesson 51 (complete text)"
"dimensions","dmss","lesson 10"
"diminish","dms","lesson 13"
"dining","ding","lesson 68 (complete text)"
"diplomatic","dplomtc","lesson 20"
"diplomats","dplomts","lesson 20"
"diptheria","dptra","lesson 22"
"directives","drctvs","lesson 63 (complete text)"
"disciplinary","dsplnr","lesson 63 (complete text)"
"disciplined","dsplnd","lesson 3"
"discoloration","dsclras","lesson 62 (complete text)"
"discovered","dscvrd","lesson 13"
"discussion","dscs","lesson 9"
"disease","dss","lesson 22"
"disease-producing","dss-pducg","lesson 22"
"displaying","dsplag","lesson 24"
"disposition","dsposs","lesson 8"
"distillate","dstlat","lesson 64 (complete text)"
"distinct","dstnk","lesson 10"
"distortion","dstrs","lesson 60 (complete text)"
"distributed","dstrbutd","lesson 4"
"distribution","dstrbus","lesson 12"
"district","dstrk","lesson 5, common word beginnings and endings"
"ditto","dto","lesson 10"
"divinity","dvnt","lesson 69 (complete text)"
"division","dvzn","lesson 9"
"do","d","lesson 3, briefs d=dear, do, due, did, date, would"
"does","ds","lesson 24"
"doing","dg","lesson 18"
"dollars","dlrs","lesson 19"
"domestic","domstc","lesson 56 (complete text)"
"don't","dn'","lesson 15"
"don't","dn'","lesson 24"
"done","dn","lesson 9"
"door","dor","lesson 4"
"doubt","dwt","lesson 21 (complete text)"
"draftsman","drftsm","lesson 51 (complete text)"
"drainage","drang","lesson 48 (complete text)"
"drayage","drag","lesson 70 (complete text)"
"dress","drs","lesson 2, phonetic abbreviations"
"dried","drid","lesson 25"
"drinks","drnks","lesson 14"
"driving","drivg","lesson 24"
"drug","drg","lesson 25"
"drugstore","drgstor","lesson 14"
"dry","dri","lesson 24"
"dual","dul","lesson 5, common word beginnings and endings"
"due","d","lesson 3, briefs d=dear, do, due, did, date, would"
"duel","dul","lesson 2 (complete text)"
"dummies","dms","lesson 24"
"dummy","dm","lesson 24"
"duotone","duton","lesson 2 (complete text)"
"duplicate","duplcat","lesson 5, common word beginnings and endings"
"duplication","duplcas","lesson 4"
"during","durg","lesson 9"
"duty","dut","lesson 63 (complete text)"
"dye","di","lesson 22"
"dynamo","dinmo","lesson 18"
"dynamometer","dinmetr","lesson 59 (complete text)"
"each","ec","lesson 11"
"earlier","erlr","lesson 18"
"earliest","erlst","lesson 21"
"early","erl","lesson 17"
"earth","ert","lesson 30"
"easement","easm","lesson 68 (complete text)"
"east","est","lesson 7"
"eat","et","lesson 1, rule 2 (always write a sounding vowel if at the beginning of a word)"
"eaten","etn","lesson 29"
"eating","etg","lesson 15"
"ecclesiastical","eclsstcl","lesson 69 (complete text)"
"edema","edma","lesson 70 (complete text)"
"edge","eg","lesson 49 (complete text)"
"edges","egs","lesson 20"
"effected","efkd","lesson 4"
"effects","efks","lesson 25"
"efficiency","efsc","lesson 5, common word beginnings and endings "
"effort","eft","lesson 8"
"egocentricity","egocntrct","lesson 65 (complete text)"
"egyptians","egpss","lesson 17"
"elasticity","elstct","lesson 27"
"elect","elk","lesson 3 (complete text)"
"electric","elctrc","lesson 5, common word beginnings and endings"
"electromagnetic","elctromgntc","lesson 67 (complete text)"
"electron","elkrn","lesson 5, common word beginnings and endings"
"element","elm","lesson 4"
"eliminate","elmat","lesson 4"
"elimination","elmas","lesson 10"
"else","els","lesson 7"
"embassy","mbs","lesson 20"
"embroidered","mbrydrd","lesson 54 (complete text)"
"emerged","mrgd","lesson 20"
"emphasis","mfs","lesson 10"
"empire","mpir","lesson 5, common word beginnings and endings"
"employ","mply","lesson 15"
"employees","mplyes","lesson 8"
"employs","mplys","lesson 20"
"emulsification","mlsfcas","lesson 53 (complete text)"
"emulsifying","emlsfg","lesson 62 (complete text)"
"encapsulation","ncpsulas","lesson 60 (complete text)"
"enclose","q","lesson 4, briefs q=enclose, quite, require"
"enclosed","qd","lesson 7"
"encounter","nvwntr","lesson 4"
"encourage","ncrg","lesson 24"
"endure","ndur","lesson 30"
"engaged","ngagd","lesson 30"
"engine","ngn","lesson 18"
"engineer","ngner","lesson 4"
"engineers","ngners","lesson 4"
"england","egln","lesson 17"
"engraving","ngravg","lesson 66 (complete text)"
"enlargments","nlrgms","lesson 10"
"enlisted","nlstd","lesson 63 (complete text)"
"enough","nf","lesson 19 (complete text)"
"entered","ntrd","lesson 21"
"enterprise","ntrpris","lesson 5, common word beginnings and endings"
"envelope","nvlop","lesson 5, common word beginnings and endings"
"envelopes","nvlops","lesson 19"
"equal","eql","lesson 30"
"equipment","eqpm","lesson 3"
"erosion","eros","lesson 48 (complete text)"
"escrow","escro","lesson 68 (complete text)"
"especially","espsl","lesson 8"
"essential","esnsl","lesson 10"
"establish","estbls","lesson 8"
"established","estblsd","lesson 25"
"establishing","estblsg","lesson 25"
"estate","estat","lesson 32 (complete text)"
"europe","europe","lesson 21"
"evacuation","evcuas","lesson 63 (complete text)"
"evaluation","evluas","lesson 58 (complete text)"
"eve","ev","lesson 1, rule 2 (always write a sounding vowel if at the beginning of a word)"
"even","evn","lesson 2, phonetic abbreviations"
"evening","evng","lesson 3"
"event","evn","lesson 29"
"eventually","evntul","lesson 10"
"ever","v","lesson 4, briefs v=ever, every, have, receive, very"
"every","v","lesson 4, briefs v=ever, every, have, receive, very"
"everyone","vwn","lesson 26"
"evidence","evdn","lesson 2 (complete text)"
"evil","evl","lesson 7"
"exact","xk","lesson 13"
"examination","xmas","lesson 22"
"example","xmpl","lesson 6"
"excepted","xcptd","lesson 25"
"exceptional","xcpsl","lesson 10"
"excessive","xsv","lesson 10"
"exchanges","xcags","lesson 19"
"excused","xcusd","lesson 3"
"exhibitionism","xbssm","lesson 65 (complete text)"
"exhortation","xrtas","lesson 69 (complete text)"
"expansion","xpns","lesson 10"
"expect","xpk","lesson 5, common word beginnings and endings"
"expected","xpctd","lesson 3"
"expenditures","xpndtrs","lesson 10"
"expense","xpn","lesson 3"
"expensive","xpnv","lesson 4"
"experience","xprn","lesson 24"
"experiences","xprns","lesson 28"
"experimental","xprmtl","lesson 58 (complete text)"
"expert","xprt","lesson 24"
"export","xprt","lesson 17"
"exposure","xposr","lesson 51 (complete text)"
"extent","xtn","lesson 21"
"exterior","xtrr","lesson 51 (complete text)"
"extra","xtra","lesson 15"
"eye","i","lesson 7"
"fable","fab","lesson 5, common word beginnings and endings"
"fabrics","fbrcs","lesson 8"
"facade","fcd","lesson 51 (complete text)"
"face","fac","lesson 6"
"facilities","fclts","lesson 23"
"facility","fcl","lesson 2, phonetic abbreviations"
"fact","fk","lesson 13 (complete text)"
"factor","fctr","lesson 23"
"factors","fctrs","lesson 18"
"facts","fks","lesson 24"
"fads","fds","lesson 15"
"fahrenheit","frnhit","lesson 56 (complete text)"
"fair","fr","lesson 25"
"fairly","frl","lesson 2 (complete text)"
"fairness","frn","lesson 6"
"fall","fl","lesson 17"
"false","fls","lesson 6"
"families","fmls","lesson 16"
"family","fml","lesson 23"
"famous","fams","lesson 3"
"fancy","fnc","lesson 2, phonetic abbreviations"
"far","fr","lesson 13"
"farm","frm","lesson 48 (complete text)"
"farmer-producers","frmr-pducrs","lesson 12"
"fascination","fsnas","lesson 28"
"fashioned","fsnd","lesson 20"
"fashioning","fsng","lesson 20"
"fat","ft","lesson 25"
"fatal","fatl","lesson 1,rule 3 (omit sounding vowels within a word, unless they have a long sound)"
"fate","fat","lesson 1, rule 1 (never write a silent vowel)"
"father","ftr","lesson 14"
"fathers","ftrs","lesson 30"
"fatted","ftd","lesson 21"
"fattened","ftnd","lesson 17"
"fattening","ftng","lesson 21"
"favor","favr","lesson 3"
"favorite","favrt","lesson 10"
"fear","fr","lesson 15"
"feat","ft","lesson 2, phonetic abbreviations"
"features","ftrs","lesson 10"
"february","f","lesson 4, day of week and months"
"federal","fdrl","lesson 19"
"feed","fed","lesson 17"
"feeding","fedg","lesson 17"
"feel","fel","lesson 24"
"feels","fels","lesson 24"
"feet","fet","lesson 9"
"female","fmal","lesson 12"
"fence","fn","lesson 2, phonetic abbreviations"
"fences","fns","lesson 2 (complete text)"
"ferrous","frs","lesson 53 (complete text)"
"fertility","frtl","lesson 48 (complete text)"
"fetch","fc","lesson 2 (complete text)"
"fever","fvr","lesson 12"
"few","fu","lesson 3"
"fibers","fibrs","lesson 27"
"field","fld","lesson 30"
"fifty","50","lesson 18"
"fight","fit","lesson 1, rule 5 (omit silent consonants within a word [treat the 2nd of a double consonant as silent])"
"figure","fgr","lesson 29"
"file","fil","lesson 6"
"fill","fl","lesson 10"
"film","flm","lesson 4"
"filtration","fltras","lesson 62 (complete text)"
"final","finl","lesson 4"
"finally","finl","lesson 28"
"finance","fnn","lesson 2 (complete text)"
"finances","fnns","lesson 10"
"find","f","lesson 3, briefs f=for, from, if, find"
"fineness","fin","lesson 27"
"finest","finst","lesson 20"
"finish","fns","lesson 2 (complete text)"
"finished","fnsd","lesson 24"
"firms","frms","lesson 7"
"first","1st","lesson 24"
"fish","fs","lesson 2, phonetic abbreviations"
"fit","ft","lesson 7"
"fitted","ftd","lesson 35 (complete text)"
"fitting","ftg","lesson 30"
"five","5","lesson 3"
"fix","fx","lesson 2 (complete text)"
"fixation","fxas","lesson 65 (complete text)"
"fixtures","fxtrs","lesson 9"
"flag","flg","lesson 27"
"flange","flg","lesson 2 (complete text)"
"flannel","flnl","lesson 69 (complete text)"
"flat","flt","lesson 20"
"flavor","flavr","lesson 23"
"flax","flx","lesson 2, phonetic abbreviations"
"fleas","fls","lesson 2 (complete text)"
"fleece","flec","lesson 27"
"flesh","fls","lesson 2 (complete text)"
"flex","flx","lesson 15"
"flighty","flit","lesson 2, phonetic abbreviations"
"floor","flor","lesson 1, rule 4 (if a word contains a double vowel, write only one)"
"florist","florst","lesson 3"
"fluid","flod","lesson 2 (complete text)"
"flute","flot","lesson 14"
"fog","fg","lesson 12"
"follow","flo","lesson 1, rule 5 (omit silent consonants within a word [treat the 2nd of a double consonant as silent])"
"followed","flod","lesson 21"
"foment","fom","lesson 2 (complete text)"
"food","fod","lesson 1, rule 4 (if a word contains a double vowel, write only one)"
"foods","fods","lesson 15"
"fool","fol","lesson 9"
"for","f","lesson 3, briefs f=for, from, if, find"
"forage","fg","lesson 17"
"forbid","fbd","lesson 5, common word beginnings and endings"
"force","fc","lesson 28"
"forces","fs","lesson 28"
"forcing","fcg","lesson 29"
"forehead","fhd","lesson 5, common word beginnings and endings"
"foreign","fn","lesson 18"
"foreleg","flg","lesson 2 (complete text)"
"forenoon","fnon","lesson 12"
"forestall","fstl","lesson 2, phonetic abbreviations"
"forfeit","fft","lesson 12"
"forget","fg","lesson 30"
"form","fm","lesson 2, phonetic abbreviations"
"formaldehyde","fmldhid","lesson 53 (complete text)"
"format","fmt","lesson 66 (complete text)"
"formation","fmas","lesson 12"
"former","fmr","lesson 2, phonetic abbreviations"
"formulation","fmulas","lesson 25"
"fort","ft","lesson 2 (complete text)"
"forth","ft","lesson 30"
"fortress","ftrs","lesson 2 (complete text)"
"forward","fwrd","lesson 4"
"forwarding","fwrdg","lesson 4"
"fought","ft","lesson 30"
"found","fwn","lesson 16"
"fourscore","frscor","lesson 30"
"foxy","fx","lesson 2, phonetic abbreviations"
"frame","fram","lesson 29"
"france","frn","lesson 17"
"free","fre","lesson 27"
"freedom","fredm","lesson 30"
"freeze","frez","lesson 15"
"freezing","frezg","lesson 25"
"freight","frat","lesson 11"
"freightage","fratg","lesson 70 (complete text)"
"frequency","frqnc","lesson 67 (complete text)"
"frequently","frqnl","lesson 4"
"fresco","frsco","lesson 51 (complete text)"
"fresh","frs","lesson 25"
"friday","f","lesson 4, day of week and months"
"friends","frns","lesson 27"
"fright","frit","lesson 12"
"from","f","lesson 3, briefs f=for, from, if, find"
"front","frn","lesson 9"
"fruits","frots","lesson 25"
"frustration","frstras","lesson 65 (complete text)"
"fuel","ful","lesson 64 (complete text)"
"full","fl","lesson 6"
"full-fashioned","fl-fsnd","lesson 20"
"full-fledged","fl-flgd","lesson 20"
"fun","fn","lesson 2 (complete text)"
"further","frtr","lesson 5, common word beginnings and endings"
"fuselage","fuslg","lesson 49 (complete text)"
"future","futr","lesson 28"
"gabardine","gbrdn","lesson 54 (complete text)"
"gallantly","glnl","lesson 27"
"galley","gl","lesson 66 (complete text)"
"gallon","gln","lesson 10"
"galvanizing","glvnizg","lesson 57 (complete text)"
"galvanometer","glvnmtr","lesson 59 (complete text)"
"game","gam","lesson 9"
"gamma","gma","lesson 52 (complete text)"
"gasoline","gsoln","lesson 64 (complete text)"
"gauge","gag","lesson 2 (complete text)"
"gave","gav","lesson 3"
"generally","gnrl","lesson 19"
"generator","gnratr","lesson 59 (complete text)"
"generous","gnrs","lesson 16"
"generously","gnrsl","lesson 10"
"genie","gn","lesson 2 (complete text)"
"gentle","gntl","lesson 2 (complete text)"
"gentlemen","j","lesson 3, briefs j=gentlemen, just"
"genuine","gnun","lesson 20"
"geography","ggrf","lesson 12"
"geology","glog","lesson 2 (complete text)"
"geometric","gomtrc","lesson 2, phonetic abbreviations"
"geometry","gmtr","lesson 12"
"germ","grm","lesson 2 (complete text)"
"get","g","lesson 3, briefs g=get, give, glad, go, good"
"gets","gs","lesson 14"
"getting","gg","lesson 6"
"gin","gn","lesson 18"
"gingers","fgrs","lesson 24"
"gingham","ggm","lesson 69 (complete text)"
"give","g","lesson 3, briefs g=get, give, glad, go, good"
"given","gn","lesson 3"
"glad","g","lesson 3, briefs g=get, give, glad, go, good"
"glands","glns","lesson 22"
"glare","glr","lesson 27"
"glass","gls","lesson 10"
"gleaming","glemg","lesson 27"
"gleeful","glef","lesson 12"
"glorify","glorf","lesson 12"
"go","g","lesson 3, briefs g=get, give, glad, go, good"
"goats","gots","lesson 27"
"god","gd","lesson 29"
"goes","gs","lesson 14"
"going","gg","lesson 28"
"gondola","gdola","lesson 70 (complete text)"
"good","g","lesson 3, briefs g=get, give, glad, go, good"
"goods","gs","lesson 18"
"gossip","gsp","lesson 12"
"got","gt","lesson 28"
"govern","gvrn","lesson 12"
"government","gvrnm","lesson 13"
"grades","grads","lesson 3"
"gradient","gradn","lesson 63 (complete text)"
"granted","grnd","lesson 25"
"grass","grs","lesson 10"
"gray","gra","lesson 11"
"great","grat","lesson 3"
"greatly","gratl","lesson 22"
"groceries","grocrs","lesson 14"
"ground","grwn","lesson 30"
"group","grop","lesson 28"
"groups","grops","lesson 6"
"grow","gro","lesson 20"
"growing","grog","lesson 48 (complete text)"
"growth","grot","lesson 18"
"guarantee","grnte","lesson 7"
"guard","grd","lesson 4"
"guide","gid","lesson 24"
"gum","gm","lesson 14"
"gypsum","gpsm","lesson 57 (complete text)"
"habits","hbts","lesson 15"
"had","h","lesson 3, briefs h=had, her, here, him"
"hailed","hald","lesson 27"
"halftone","hfton","lesson 66 (complete text)"
"hall","hl","lesson 10"
"hallow","hlo","lesson 30"
"ham","hm","lesson 61 (complete text)"
"hamburger","hmbrgr","lesson 61 (complete text)"
"hand","hn","lesson 19"
"handicap","hncp","lesson 15"
"handled","hnld","lesson 12"
"handling","hnlg","lesson 23"
"happened","hpnd","lesson 18"
"hard","hrd","lesson 7"
"hardware","hrdwr","lesson 14"
"harm","hrm","lesson 26"
"harmless","hrmls","lesson 22"
"harvard","harvard","lesson 3"
"has","z","lesson 4, briefs z=as, has, his, was"
"hat","ht","lesson 3"
"haulage","hlg","lesson 56 (complete text)"
"have","v","lesson 4, briefs v=ever, every, have, receive, very"
"he","e","lesson 3, briefs e=he, the"
"head","hd","lesson 64 (complete text)"
"heads","hds","lesson 4"
"health","hlt","lesson 22"
"healthy","hlty","lesson 3"
"hear","hr","lesson 2, phonetic abbreviations"
"heard","hrd","lesson 3"
"heat","ht","lesson 2, phonetic abbreviations"
"heath","ht","lesson 12"
"heavy","hv","lesson 2, phonetic abbreviations"
"hectic","hctc","lesson 13"
"hedge","hg","lesson 2 (complete text)"
"heel","hel","lesson 12"
"heifer","hfr","lesson 48 (complete text)"
"heifers","hfrs","lesson 21"
"height","hit","lesson 29"
"help","hlp","lesson 10"
"helps","hlps","lesson 24"
"hemline","hmlin","lesson 54 (complete text)"
"her","h","lesson 3, briefs h=had, her, here, him"
"here","h","lesson 3, briefs h=had, her, here, him"
"hero","hro","lesson 2 (complete text)"
"high","hi","lesson 25"
"high-grade","hi-grad","lesson 24"
"higher","hi","lesson 24"
"highly","hil","lesson 3"
"hill","hl","lesson 1, rule 5 (omit silent consonants within a word [treat the 2nd of a double consonant as silent])"
"him","h","lesson 3, briefs h=had, her, here, him"
"himself","hslf","lesson 5, common word beginnings and endings"
"his","z","lesson 4, briefs z=as, has, his, was"
"hobby","hb","lesson 10"
"hogs","hgs","lesson 17"
"hold","hold","lesson 9"
"holder","holdr","lesson 14"
"holiday","hlda","lesson 9"
"holidays","hldas","lesson 4"
"holland","hln","lesson 17"
"homburg","hmbrg","lesson 5, common word beginnings and endings"
"home","hom","lesson 3"
"homes","homs","lesson 18"
"homesick","homsk","lesson 8"
"homogenize","homgniz","lesson 62 (complete text)"
"honest","onst","lesson 29"
"honesty","onst","lesson 25"
"honor","onr","lesson 4"
"honored","hndrd","lesson 30"
"hoof","hof","lesson 14"
"hope","hop","lesson 3"
"hoped","hopd","lesson 28"
"horrible","hrb","lesson 11"
"hose","hos","lesson 1, rule 1 (never write a silent vowel)"
"hosiery","hosr","lesson 54 (complete text)"
"hour","wr","lesson 26"
"hours","wrs","lesson 3"
"house","hws","lesson 22"
"household","hwshold","lesson 8"
"houses","hws","lesson 7"
"how","w","lesson 4, briefs w=how, now, we, were, which, with"
"however","wv","lesson 19"
"human","hum","lesson 13"
"hundred","100","lesson 28, NOTE this is used for the phrase "a hundred" also"
"hydraulic","hidrlc","lesson 49 (complete text)"
"hydrolysis","hidrls","lesson 64 (complete text)"
"hysteresis","hstrs","lesson 59 (complete text)"
"i","i","lesson 3, briefs i=i, is, it, time"
"i've","i'v","lesson 3"
"ice","ic","lesson 1, rule 2 (always write a sounding vowel if at the beginning of a word)"
"iconoscope","icoscop","lesson 67 (complete text)"
"identifies","idntfis","lesson 22"
"identity","idntt","lesson 25"
"idle","idl","lesson 1, rule 2 (always write a sounding vowel i f at the beginning of a word)"
"if","f","lesson 3, briefs f=for, from, if, find"
"ignore","ignor","lesson 15"
"illusion","ilus","lesson 65 (complete text)"
"imagine","mgn","lesson 18"
"imbue","mbu","lesson 5, common word beginnings and endings"
"imitation","mtas","lesson 20"
"immediately","imdtl","lesson 3"
"immortal","imrtl","lesson 69 (complete text)"
"importance","mprtn","lesson 28"
"important","mprtn","lesson 10"
"importations","mprtass","lesson 21"
"improved","mprovd","lesson 12"
"in","n","lesson 3, briefs n=in, information, know, no, not, when"
"inclined","nclind","lesson 5, common word beginnings and endings"
"include","nclod","lesson 4"
"includes","nclods","lesson 19"
"including","nclodg","lesson 23"
"income","nc","lesson 28"
"inconvenience","ncvnyn","lesson 9"
"incorporated","ncrporatd","lesson 10"
"increase","ncrs","lesson 16"
"increased","ncrsd","lesson 30"
"increases","ncrs","lesson 3"
"increasing","ncrsg","lesson 20"
"indent","ndn","lesson 5, common word beginnings and endings"
"indicate","ndcat","lesson 4"
"indicating","ndcatg","lesson 22"
"individuals","ndvduls","lesson 9"
"indivisible","ndvsb","lesson 29"
"inductance","ndctn","lesson 60 (complete text)"
"industrial","ndstrl","lesson 18"
"industry","ndstr","lesson 12"
"inez","inez","lesson 4"
"infancy","nfnc","lesson 20"
"influenced","nflond","lesson 18"
"inform","nfm","lesson 4"
"information","n","lesson 3, briefs n=in, information, know, no, not, when"
"informed","nfmd","lesson 3"
"ingenuity","ngnut","lesson 18"
"inherited","nhrtd","lesson 29"
"initial","nsl","lesson 10"
"injure","njr","lesson 26"
"innate","inat","lesson 28"
"inquire","nqir","lesson 5, common word beginnings and endings"
"insects","nsks","lesson 13"
"inside","nsid","lesson 24"
"insist","nst","lesson 8"
"inspected","nspctd","lesson 22"
"inspection","nspcs","lesson 22"
"installing","nstlg","lesson 4"
"instant","nstn","lesson 61 (complete text)"
"institutions","nsttuss","lesson 10"
"instructed","nstrctd","lesson 4"
"insufficient","nsfst","lesson 8"
"insulation","nsulas","lesson 57 (complete text)"
"insulator","nsulatr","lesson 59 (complete text)"
"insurance","nsrn","lesson 9"
"intake","nk","lesson 16"
"interchangeable","ntrcagb","lesson 49 (complete text)"
"interest","ntrst","lesson 8"
"interested","ntrstd","lesson 7"
"interior","ntrr","lesson 51 (complete text)"
"interlude","ntrlud","lesson 5, common word beginnings and endings"
"interstate","ntrstat","lesson 22"
"into","nt","lesson 27"
"intrastate","ntrstat","lesson 70 (complete text)"
"intricate","ntrct","lesson 28"
"introvert","ntrovrt","lesson 5, common word beginnings and endings"
"inventions","nvnss","lesson 18"
"inventiveness","nvnvn","lesson 18"
"invest","nvst","lesson 18"
"investigate","nvstgat","lesson 5, common word beginnings and endings"
"investigated","nvstgatd","lesson 4"
"invited","nvitd","lesson 3"
"invoice","nvyc","lesson 4"
"irate","irat","lesson 7"
"ire","ir","lesson 1, rule 2 (always write a sounding vowel if at the beginning of a word)"
"irradiation","iradas","lesson 70 (complete text)"
"is","i","lesson 3, briefs i=i, is, it, time"
"isn't","in'","lesson 29"
"isotope","isotop","lesson 52 (complete text)"
"isotopes","isotops","lesson 53 (complete text)"
"issuance","isun","lesson 25"
"issued","isud","lesson 4"
"issues","isus","lesson 19"
"issuing","isug","lesson 19"
"it","i","lesson 3, briefs i=i, is, it, time"
"it's","i's"," contraction 's appears to just copy over as-is (observed men's and boy's as m's and by's in lesson 7)"
"item","itm","lesson 7"
"its","is","lesson 19"
"jane","jane","lesson 9"
"january","jn","lesson 4, day of week and months"
"japan","japan","lesson 6"
"jars","jrs","lesson 14"
"jat","ht","lesson 9"
"jean","jn","lesson 2, phonetic abbreviations"
"jehovah","jhova","lesson 2 (complete text)"
"jerry","jerry","lesson 10"
"jersey","jrs","lesson 69 (complete text)"
"jim","jim","lesson 3"
"job","jb","lesson 3"
"joining","jyng","lesson 2 (complete text)"
"joint","jyn","lesson 4"
"judge","jg","lesson 24"
"judges","jgs","lesson 3 (complete text)"
"judging","jgg","lesson 24"
"juice","joc","lesson 26"
"juiciness","jucn","lesson 23"
"july","jy","lesson 4, day of week and months"
"june","j","lesson 4, day of week and months"
"just","j","lesson 3, briefs j=gentlemen, just"
"justice","jctc","lesson 29"
"keep","kep","lesson 6"
"keeps","keps","lesson 3"
"kentucky","ky","lesson 3"
"kerosene","krosn","lesson 64 (complete text)"
"key","k","lesson 13"
"keyboard","kbord","lesson 2, phonetic abbreviations"
"keynote","knot","lesson 2 (complete text)"
"kilowatt","klowt","lesson 59 (complete text)"
"kind","k","lesson 3, briefs k=kind, make, take"
"kinds","ks","lesson 15"
"kite","kit","lesson 1(complete text)"
"knead","nd","lesson 2 (complete text)"
"knit","nt","lesson 20"
"knitted","ntd","lesson 27"
"knock","nk","lesson 13"
"know","n","lesson 3, briefs n=in, information, know, no, not, when"
"known","nn","lesson 13"
"label","labl","lesson 8"
"labor","labr","lesson 3"
"lack","lk","lesson 24"
"lady","lad","lesson 2, phonetic abbreviations"
"lameness","lamn","lesson 2, phonetic abbreviations"
"lamp","lmp","lesson 56 (complete text)"
"land","ln","lesson 18"
"lantern","lntrn","lesson 5, common word beginnings and endings"
"large","lrg","lesson 12"
"larger","lrgr","lesson 19"
"last","lst","lesson 3"
"late","lat","lesson 1(complete text)"
"later","latr","lesson 3"
"laud","ld","lesson 2 (complete text)"
"law","lw","lesson 25"
"lawful","lwf","lesson 2 (complete text)"
"laws","lws","lesson 3 (complete text)"
"lay","la","lesson 11"
"lead","ld","lesson 29"
"leaders","ldrs","lesson 3"
"leading","ldg","lesson 21"
"learn","lrn","lesson 24"
"least","lst","lesson 2, phonetic abbreviations"
"leave","lv","lesson 10"
"leeboard","lebord","lesson 13"
"legal","lgl","lesson 13"
"legality","lgl","lesson 13"
"legends","lgns","lesson 21"
"lemon","lm","lesson 26"
"length","lgt","lesson 27"
"lesions","lss","lesson 70 (complete text)"
"less","ls","lesson 15"
"let","lt","lesson 17"
"letter","l","lesson 3, briefs l=all, also, letter, well, will"
"level","lvl","lesson 2, phonetic abbreviations"
"liabilities","libls","lesson 10"
"liability","libl","lesson 70 (complete text)"
"liberal","lbrl","lesson 58 (complete text)"
"liberty","lbr","lesson 29"
"libido","lbdo","lesson 65 (complete text)"
"lid","ld","lesson 2 (complete text)"
"life","lif","lesson 18"
"light","lit","lesson 27"
"like","lik","lesson 1(complete text)"
"liked","likd","lesson 28"
"likely","likl","lesson 24"
"likeness","likn","lesson 13"
"limit","lmt","lesson 6"
"linen","lnn","lesson 26"
"lines","lins","lesson 28"
"lingerie","lgra","lesson 54 (complete text)"
"list","lst","lesson 4"
"lithography","ltgrf","lesson 66 (complete text)"
"litter","ltr","lesson 10"
"little","ltl","lesson 3"
"live","lv","lesson 30"
"lives","livs","lesson 30"
"livestock","livstk","lesson 48 (complete text)"
"living","lvg","lesson 18"
"loan","lon","lesson 19"
"long","lg","lesson 7"
"longhand","lghn","lesson 1"
"look","lok","lesson 8"
"looking","lokg","lesson 28"
"looks","loks","lesson 24"
"loose","los","lesson 1, rule 4 (if a word contains a double vowel, write only one)"
"loot","lot","lesson 1(complete text)"
"lose","los","lesson 29"
"loss","ls","lesson 29"
"losses","ls","lesson 3"
"low","lo","lesson 16"
"low-grade","lo-grad","lesson 24"
"lower","lor","lesson 24"
"lowly","lol","lesson 2, phonetic abbreviations"
"loyal","lyl","lesson 2 (complete text)"
"lunch","lnc","lesson 10"
"luster","lstr","lesson 27"
"machine","msen","lesson 20"
"machinery","msenr","lesson 12"
"machines","msens","lesson 20"
"madam","mdm","lesson 18"
"made","m","lesson 3, briefs m=am, made, man, me, men, my"
"mail","mal","lesson 7"
"maintain","mantan","lesson 5, common word beginnings and endings"
"maintenance","mantnn","lesson 9"
"major","majr","lesson 4"
"make","k","lesson 3, briefs k=kind, make, take"
"make-up","k-u","lesson 4, briefs u=under, up, us, you"
"makes","ks","lesson 3"
"making","kg","lesson 10"
"male","mal","lesson 6"
"mammal","mml","lesson 2, phonetic abbreviations"
"man","m","lesson 3, briefs m=am, made, man, me, men, my"
"managers","mgrs","lesson 9"
"maneuverability","muvrbl","lesson 49 (complete text)"
"manifest","mfst","lesson 70 (complete text)"
"mantle","mtl","lesson 2, phonetic abbreviations"
"manual","mul","lesson 2 (complete text)"
"manufacturers","mufctrrs","lesson 24"
"manufacturing","mufctrg","lesson 24"
"many","my","lesson 3"
"march","mr","lesson 4, day of week and months"
"marked","mrkd","lesson 22"
"market","mrkt","lesson 18 (complete text)"
"markets","mrkts","lesson 21"
"marks","mrks","lesson 20"
"married","mrd","lesson 2 (complete text)"
"martial","mrsl","lesson 63 (complete text)"
"mary","mary","lesson 3"
"mass","ms","lesson 1, rule 5 (omit silent consonants within a word [treat the 2nd of a double consonant as silent])"
"match","mc","lesson 11"
"material","mtrl","lesson 7"
"materials","mtrls","lesson 24"
"matter","mtr","lesson 4"
"matters","mtrs","lesson 3 (complete text)"
"maturation","mtras","lesson 65 (complete text)"
"maturity","mtur","lesson 25"
"may","m","lesson 4, day of week and months"
"may","ma","lesson 1(complete text)"
"maybe","mab","lesson 2 (complete text)"
"me","m","lesson 3, briefs m=am, made, man, me, men, my"
"meals","mls","lesson 29"
"mealtime","mli","lesson 29"
"means","mns","lesson 27"
"measure","mzr","lesson 2, phonetic abbreviations"
"measures","mzrs","lesson 4"
"meat","mt","lesson 21"
"mechanical","mcncl","lesson 21"
"mechanism","mcnsm","lesson 65 (complete text)"
"mechanisms","mcnsms","lesson 28"
"mediocre","mdocr","lesson 13"
"medium","mdm","lesson 2 (complete text)"
"meek","mek","lesson 11"
"meet","met","lesson 9"
"meeting","metg","lesson 3"
"meetings","metgs","lesson 4"
"megacycle","mgcicl","lesson 60 (complete text)"
"melons","mlns","lesson 25"
"member","mbr","lesson 3"
"members","mbrs","lesson 3"
"memo","mo","lesson 13"
"memorandum","morndm","lesson 2 (complete text)"
"men","m","lesson 3, briefs m=am, made, man, me, men, my"
"men's","m's","lesson 7"
"mental","mtl","lesson 2 (complete text)"
"mention","ms","lesson 21"
"mercerizing","mrcrizg","lesson 69 (complete text)"
"merchandise","mrcndis","lesson 6"
"met","mt","lesson 3"
"metabolic","mtblc","lesson 70 (complete text)"
"metal","mtl","lesson 14"
"meter","mtr","lesson 2, phonetic abbreviations"
"method","mtd","lesson 26"
"methods","mtds","lesson 12"
"metropolitan","mtropltn","lesson 7"
"mexico","mexico","lesson 20"
"micro-organisms","micro-rgnsms","lesson 22"
"microorganisms","microrgnsms","lesson 62 (complete text)"
"microwave","microwav","lesson 60 (complete text)"
"middleman","mdlm","lesson 19"
"midterm","mdtrm","lesson 5, common word beginnings and endings"
"might","mit","lesson 6"
"migrated","migratd","lesson 17"
"mild","mild","lesson 26"
"milk","mlk","lesson 3"
"milking","mlkg","lesson 48 (complete text)"
"million","mlyn","lesson 19"
"millions","mlyns","lesson 7"
"minable","minb","lesson 56 (complete text)"
"miniature","mtr","lesson 5, common word beginnings and endings"
"minimize","mmiz","lesson 8"
"minimum","mm","lesson 10"
"minority","mr","lesson 2 (complete text)"
"minus","mins","lesson 2 (complete text)"
"minute","mt","lesson 13"
"minutes","mts","lesson 3"
"mislead","msld","lesson 5, common word beginnings and endings"
"miss","ms","lesson 23"
"missiles","msls","lesson 63 (complete text)"
"mission","ms","lesson 9"
"mix","mx","lesson 15"
"mixture","mxtr","lesson 26"
"mock-up","mk-u","lesson 51 (complete text)"
"moderator","mdratr","lesson 67 (complete text)"
"modern","mdrn","lesson 5, common word beginnings and endings"
"modify","mdf","lesson 5, common word beginnings and endings"
"modulation","mdulas","lesson 67 (complete text)"
"mohair","mohr","lesson 27"
"moist","myst","lesson 15"
"monday","m","lesson 4, day of week and months"
"monetary","mtr","lesson 3"
"money","my","lesson 6"
"monogram","mogrm","lesson 5, common word beginnings and endings"
"monoxide","crbn","lesson 56 (complete text)"
"month","mt","lesson 30 (complete text)"
"monument","mum","lesson 2, phonetic abbreviations"
"mood","mod","lesson 9"
"moon","mon","lesson 9"
"more","mor","lesson 1(complete text)"
"morning","mrng","lesson 26"
"mortgage","mrgg","lesson 68 (complete text)"
"mortise","mrts","lesson 68 (complete text)"
"most","most","lesson 3"
"mostly","mostl","lesson 13"
"mother","mtr","lesson 5, common word beginnings and endings"
"mother's","mtr's","lesson 14"
"motherhood","mtrhod","lesson 5, common word beginnings and endings"
"motivation","motvas","lesson 58 (complete text)"
"mound","md","lesson 13"
"mount","mt","lesson 2, phonetic abbreviations"
"mountain","mtn","lesson 13"
"mounted","mtd","lesson 2 (complete text)"
"mouth","mwt","lesson 15"
"mr.","mr.","lesson 18"
"mrs.","mrs.","lesson 4"
"much","mc","lesson 15"
"mulch","mlc","lesson 48 (complete text)"
"multiplicity","mltplct","lesson 28"
"muscle","msl","lesson 16"
"must","mst","lesson 1(complete text)"
"my","m","lesson 3, briefs m=am, made, man, me, men, my"
"napkins","npkns","lesson 61 (complete text)"
"narrow","nro","lesson 6"
"nation","nas","lesson 29"
"nations","nass","lesson 20"
"natural","ntrl","lesson 28 (lesson 2 shows nturl, probable error)"
"naturally","ntrl","lesson 26"
"nausea","nsa","lesson 15"
"near","nr","lesson 28"
"nearly","nrl","lesson 3"
"necessary","nsr","lesson 8"
"necessity","nst","lesson 9"
"neckline","nklin","lesson 20"
"necssary","nsr","lesson 29"
"need","ned","lesson 1, rule 4 (if a word contains a double vowel, write only one)"
"needed","nedd","lesson 15"
"needless","nedls","lesson 13"
"needs","neds","lesson 25"
"negative","ngtv","lesson 10"
"neglect","nglk","lesson 2 (complete text)"
"negligee","nglza","lesson 54 (complete text)"
"negotiations","ngosass","lesson 10"
"negro","ngro","lesson 13"
"neighbor","nabr","lesson 11"
"neon","nn","lesson 2, phonetic abbreviations"
"nerve","nrv","lesson 16"
"never","nvr","lesson 15"
"new york","n.y.","lesson 19"
"new","nu","lesson 3"
"next","nxt","lesson 3"
"niece","nc","lesson 13"
"nigh","ni","lesson 2 (complete text)"
"night","nit","lesson 3"
"nitrate","nitrat","lesson 53 (complete text)"
"nitrogen","nitrogn","lesson 48 (complete text)"
"no","n","lesson 3, briefs n=in, information, know, no, not, when"
"nobly","nobl","lesson 30"
"nonperishable","nnprsb","lesson 70 (complete text)"
"noon","non","lesson 3"
"nor","nr","lesson 30"
"normally","nrml","lesson 19"
"northern","nrtrn","lesson 5, common word beginnings and endings"
"not","n","lesson 3, briefs n=in, information, know, no, not, when"
"note","not","lesson 3"
"notebooks","notboks","lesson 4"
"notify","notf","lesson 4"
"november","n","lesson 4, day of week and months"
"now","w","lesson 4, briefs w=how, now, we, were, which, with"
"nuclear","nuclr","lesson 52 (complete text)"
"nucleus","nucls","lesson 9"
"nuisance","nusn","lesson 17"
"number","nmbr","lesson 1(complete text) (lesson 23 workbook shows numbr, probable error)"
"numbers","nmbrs","lesson 16"
"numerous","numrs","lesson 17"
"nutrient","nutrn","lesson 16"
"nutrients","nutrns","lesson 16"
"nutritive","nutrtv","lesson 23"
"nuts","nts","lesson 17"
"nylon","niln","lesson 54 (complete text)"
"o","o","lesson 27"
"o'clock","o'clk","lesson 3"
"o'er","o'r","lesson 27"
"oar","or","lesson 1, rule 2 (always write a sounding vowel if at the beginning of a word)"
"oat","ot","lesson 1, rule 2 (always write a sounding vowel if at the beginning of a word)"
"obey","oba","lesson 3 (complete text)"
"observe","obsrv","lesson 3 (complete text)"
"obtained","obtand","lesson 7"
"occasion","ocas","lesson 2 (complete text)"
"occur","ocr","lesson 1, rule 5 (omit silent consonants within a word [treat the 2nd of a double consonant as silent])"
"occurred","ocrd","lesson 8 (complete text)"
"october","o","lesson 4, day o f week and months"
"of","o","lesson 3, briefs o=of, on, out, what"
"off","of","lesson 8"
"offer","ofr","lesson 7"
"office","ofc","lesson 1(complete text)"
"offices","ofs","lesson 4"
"official","ofsl","lesson 5, common word beginnings and endings"
"often","ofn","lesson 15"
"oh","o","lesson 27"
"oil","yl","lesson 15"
"old","old","lesson 21"
"old-clothes","old-clots","lesso n 27"
"omnipresent","omnprsn","lesson 69 (complete text)"
"on","o","lesson 3, briefs o=of, on, out, what"
"one","1","lesson 3"
"only","onl","lesson 3"
"open","opn","lesson 7"
"opening","opng","lesson 18"
"opportunities","oprtunts","lesson 28"
"opportunity","oprtunt","lesson 3"
"or","r","lesson 4, briefs r=are, or, order, our, return"
"order","r","lesson 4, briefs r=are, or, order, our, return"
"ordered","rd","lesson 26"
"orders","rs","lesson 26"
"ordinarily","ordnrl","lesson 23"
"ordinary","ordnr","lesson 27"
"ordnance","ordnn","lesson 63 (complete text)"
"organisms","orgnsms","lesson 22"
"organized","orgnizd","lesson 12"
"orientation","orntas","lesson 58 (complete text)"
"original","orgnl","lesson 27"
"orlon","orln","lesson 69 (complete text)"
"oscilloscope","osclscop","lesson 60 (complete text)"
"other","otr","lesson 9"
"others","otrs","lesson 3"
"otherwise","otrwis","lesson 7"
"ounce","wn","lesson 13"
"our","r","lesson 4, briefs r=are, or, order, our, return"
"out","o","lesson 3, briefs o=of, on, out, what"
"outer","or","lesson 24"
"oven","ovn","lesson 7"
"over","ovr","lesson 3"
"over-all","ovr-l","lesson 24"
"overbear","ovrbr","lesson 5, common word beginnings and endings"
"overemphasize","ovrmfsiz","lesson 15"
"overflowing","ovrflog","lesson 18"
"overhang","ovrhg","lesson 51 (complete text)"
"overspending","ovrspng","lesson 6"
"overweight","ovrwat","lesson 29"
"own","on","lesson 7"
"oxidize","oxdiz","lesson 53 (complete text)"
"pacific","pcfc","lesson 28"
"packages","pkgs","lesson 14"
"packing","pkg","lesson 21"
"pagination","pof","lesson 66 (complete text)"
"paid","pad","lesson 3"
"paint","pan","lesson 14"
"palatability","pltbl","lesson 62 (complete text)"
"pan-fried","pn-frid","lesson 23"
"pane","pan","lesson 1, rule 1 (never write a silent vowel)"
"paper","papr","lesson 14"
"parallel","pll","lesson 20"
"parsonage","psng","lesson 69 (complete text)"
"part","pt","lesson 8"
"particle","ptcl","lesson 52 (complete text)"
"parts","pts","lesson 16"
"party","pt","lesson 27"
"passed","psd","lesson 4"
"past","pst","lesson 27"
"pasteurization","pstrizas","lesson 22"
"pasteurized","pstrizd","lesson 22"
"pasteurizing","pstrizg","lesson 62 (complete text)"
"pathologic","ptolgc","lesson 70 (complete text)"
"pay","pa","lesson 3"
"paying","pag","lesson 19"
"payroll","parol","lesson 19"
"peace","pc","lesson 11"
"peach","pc","lesson 2 (complete text)"
"peanut","pnt","lesson 2 (complete text)"
"pear","pr","lesson 3"
"pecan","pcn","lesson 2 (complete text)"
"peculiar","pculr","lesson 14"
"pencils","pncls","lesson 4"
"pension","pns","lesson 5, common word beginnings and endings"
"people","ppl","lesson 2, phonetic abbreviations"
"percale","pcal","lesson 69 (complete text)"
"percent","%","lesson 25"
"percentage","pcntg","lesson 29"
"perform","pfm","lesson 15"
"performance","pfmn","lesson 4"
"perhaps","phps","lesson 4"
"perilous","pls","lesson 27"
"period","prd","lesson 3"
"perish","ps","lesson 30"
"permit","pmt","lesson 2, phonetic abbreviations"
"perplex","pplx","lesson 5, common word beginnings and endings"
"person","psn","lesson 3"
"personnel","psnl","lesson 4"
"persons","psns","lesson 3"
"pertinent","ptnn","lesson 3"
"petroleum","ptrolm","lesson 64 (complete text)"
"petticoat","ptcot","lesson 54 (complete text)"
"phases","fas","lesson 10"
"phone","fon","lesson 10"
"photo","foto","lesson 2, phonetic abbreviations"
"photoelectric","fotoelctrc","lesson 60 (complete text)"
"photography","fotgrf","lesson 10"
"piano","pno","lesson 2 (complete text)"
"picking","pkg","lesson 24"
"picnic","pcnc","lesson 61 (complete text)"
"picture","pctr","lesson 9"
"picturesque","pctrsq","lesson 20"
"pie","pi","lesson 9"
"pieces","ps","lesson 27"
"pigs","pgs","lesson 17"
"pine","pin","lesson 6"
"pioneer","piner","lesson 18"
"pitot","pto","lesson 49 (complete text)"
"place","plac","lesson 6"
"places","plas","lesson 18"
"plains","plans","lesson 21"
"plan","pln","lesson 4"
"planned","plnd","lesson 35 (complete text)"
"planning","plng","lesson 1(complete text)"
"plans","plns","lesson 9"
"plant","pln","lesson 4"
"plantations","plnass","lesson 17"
"plastic","plstc","lesson 14"
"plates","plats","lesson 61 (complete text)"
"play","pla","lesson 3"
"please","p","lesson 4, briefs p=please, possible, price"
"pleasing","pg","lesson 7"
"pleasure","plzr","lesson 28"
"pledge","plg","lesson 8"
"plight","plit","lesson 10"
"plow","plw","lesson 2, phonetic abbreviations"
"plum","plm","lesson 2 (complete text)"
"plurality","plrl","lesson 2 (complete text)"
"plus","pls","lesson 2, phonetic abbreviations"
"plutonium","plotonm","lesson 52 (complete text)"
"plywood","pliwod","lesson 57 (complete text)"
"pocket","pkt","lesson 61 (complete text)"
"poem","pom","lesson 2 (complete text)"
"point","pyn","lesson 10"
"polarization","polrzas","lesson 59 (complete text)"
"polished","plsd","lesson 6"
"pool","pol","lesson 9"
"poor","por","lesson 9"
"popular","ppulr","lesson 7"
"population","ppulas","lesson 20"
"pork","pork","lesson 17"
"porridge","pg","lesson 5, common word beginnings and endings"
"portion","ps","lesson 2, phonetic abbreviations"
"positron","pstrn","lesson 52 (complete text)"
"possible","p","lesson 4, briefs p=please, possible, price"
"posterity","pstr","lesson 5, common word beginnings and endings"
"postponed","pstpond","lesson 29"
"pounds","pwns","lesson 28"
"powder","pwdr","lesson 14"
"power","pwr","lesson 30"
"practice","prctc","lesson 24"
"praecox","pecx","lesson 65 (complete text)"
"pray","pra","lesson 11"
"prayer","pr","lesson 5, common word beginnings and endings"
"prefabricated","pefbrcatd","lesson 57 (complete text)"
"preface","pfc","lesson 2 (complete text)"
"prejudice","pjdc","lesson 2, phonetic abbreviations"
"preparation","ppras","lesson 23"
"prepared","pprd","lesson 4"
"prerequisites","perqsts","lesson 58 (complete text)"
"prescribed","pscribd","lesson 4"
"present","psn","lesson 4"
"press","ps","lesson 24"
"pressing","psg","lesson 24"
"pressure","psr","lesson 2 (complete text)"
"prevalent","pvln","lesson 2 (complete text)"
"prevention","pevns","lesson 8"
"preview","pevu","lesson 14"
"price","p","lesson 4, briefs p=please, possible, price"
"priced","pd","lesson 24"
"pride","prid","lesson 24"
"prior","pir","lesson 2, phonetic abbreviations"
"problem","pblm","lesson 4"
"problems","pblms","lesson 4"
"procedure","pcdr","lesson 4"
"proceeds","pceds","lesson 3"
"process","ps","lesson 14"
"processes","pss","lesson 16"
"processing","psg","lesson 4"
"prodigal","pdgl","lesson 21"
"produced","pducd","lesson 22"
"producing","pducg","lesson 21"
"product","pdk","lesson 2 (complete text)"
"products","pdks","lesson 12"
"proficient","pfst","lesson 5, common word beginnings and endings"
"profile","pfil","lesson 2 (complete text)"
"prognosis","pgnos","lesson 70 (complete text)"
"program","pgrm","lesson 9"
"project","pjk","lesson 5, common word beginnings and endings"
"promote","pmot","lesson 25"
"prompt","pmpt","lesson 14"
"prone","pn","lesson 2, phonetic abbreviations"
"proof","prof","lesson 27"
"propagation","ppgas","lesson 48 (complete text)"
"propane","ppan","lesson 64 (complete text)"
"propeller","pplr","lesson 49 (complete text)"
"proper","ppr","lesson 8"
"properly","pprl","lesson 22"
"proposal","pposl","lesson 4"
"proposition","pposs","lesson 30"
"prosperity","pspr","lesson 2 (complete text)"
"proton","ptn","lesson 52 (complete text)"
"proud","pwd","lesson 2 (complete text)"
"proudly","pwdl","lesson 27"
"prove","pov","lesson 4"
"provide","pvid","lesson 9"
"provided","pvidd","lesson 24"
"provides","pvids","lesson 22"
"provision","pvs","lesson 7"
"provisions","pvzns","lesson 10"
"psychiatrist","scitrst","lesson 65 (complete text)"
"psychological","sicolgcl","lesson 58 (complete text)"
"psychology","siclog","lesson 65 (complete text)"
"psychosis","sicos","lesson 65 (complete text)"
"psychosomatic","sicosomtc","lesson 65 (complete text)"
"pulmonary","plmonr","lesson 70 (complete text)"
"purchase","pcs","lesson 5, common word beginnings and endings"
"purple","ppl","lesson 22"
"purpose","pps","lesson 3"
"purposes","pps","lesson 3"
"pursuit","psut","lesson 2 (complete text)"
"quack","qk","lesson 14"
"quaint","qan","lesson 14"
"quake","qak","lesson 2, phonetic abbreviations"
"qualified","qlfid","lesson 9"
"quality","ql","lesson 6"
"quantities","qntts","lesson 19"
"quantity","qntt","lesson 16"
"quarrel","qrl","lesson 14"
"quarterly","qrtrl","lesson 3"
"quest","qst","lesson 2 (complete text)"
"questionnaire","qssr","lesson 58 (complete text)"
"questions","qscns","lesson 4"
"quickly","qkl","lesson 4"
"quit","qt","lesson 14"
"quite","q","lesson 4, briefs q=enclose, quite, require"
"quota","qota","lesson 3"
"racy","rac","lesson 11"
"radar","radr","lesson 28"
"radical","rdcl","lesson 5, common word beginnings and endings"
"radio","rado","lesson 28"
"radioactive","radoctv","lesson 52 (complete text)"
"rag","rg","lesson 27"
"railroads","r.r.s","lesson 21"
"raining","rang","lesson 2 (complete text)"
"rainy","ran","lesson 2, phonetic abbreviations"
"raises","ras","lesson 2, phonetic abbreviations"
"raising","rasg","lesson 17"
"rake","rak","lesson 6"
"rally","rl","lesson 5, common word beginnings and endings"
"ramparts","rmprts","lesson 27"
"ran","rn","lesson 3"
"ranch","rnc","lesson 21"
"rancidity","rncdt","lesson 62 (complete text)"
"random","rndm","lesson 13"
"rang","rg","lesson 2 (complete text)"
"range","rag","lesson 21"
"rapid","rpd","lesson 12"
"rapidly","rpdl","lesson 18"
"rare","rr","lesson 24"
"rarity","rr","lesson 5, common word beginnings and endings"
"rate","rat","lesson 2, phonetic abbreviations"
"rather","rtr","lesson 30"
"ration","rs","lesson 5, common word beginnings and endings"
"raw","rw","lesson 22"
"ray","ra","lesson 52 (complete text)"
"rayon","ran","lesson 26"
"re-used","rusd","lesson 27"
"reaction","rcs","lesson 52 (complete text)"
"reactor","rctr","lesson 52 (complete text)"
"read","rd","lesson 3"
"reading","rdg","lesson 5, common word beginnings and endings"
"ready","rd","lesson 28"
"ready-to-be-issued","rd-t-b-isud","lesson 19"
"real","rl","lesson 24"
"really","rl"," no definitive example in workbook, constructed per rule 3(?) + using l for -ly "
"realty","rl","lesson 2 (complete text)"
"reaper","rpr","lesson 18"
"reason","rsn","lesson 4"
"reasonable","rsnb","lesson 25"
"reasons","rsns","lesson 7"
"recall","rcl","lesson 2 (complete text)"
"receipt","rct","lesson 4"
"receive","v","lesson 4, briefs v=ever, every, have, receive, very"
"received","vd","lesson 16 (complete text)"
"receiving","vg","lesson 28"
"recent","rcn","lesson 6"
"reciprocity","rcprct","lesson 70 (complete text)"
"reclaimed","rclamd","lesson 27"
"recommendations","rcmdass","lesson 4"
"recommended","rcmdd","lesson 16"
"record","rcrd","lesson 3"
"rectifier","rctfr","lesson 60 (complete text)"
"recur","rcr","lesson 2 (complete text)"
"red","rd","lesson 3"
"redeeming","rdemg","lesson 19"
"redeems","rdems","lesson 19"
"reduce","rduc","lesson 3"
"reduces","rdus","lesson 22"
"reel","rel","lesson 1, rule 4 (if a word contains a double vowel, write only one)"
"refer","rfr","lesson 4"
"referring","rfrg","lesson 10 (complete text)"
"reflex","rflx","lesson 2 (complete text)"
"refractive","rfrctv","lesson 64 (complete text)"
"refrigeration","rfrgras","lesson 12"
"refund","rfn","lesson 13"
"regard","rgrd","lesson 20 (complete text)"
"regarded","rgrdd","lesson 3"
"regions","rgns","lesson 20"
"regular","rgulr","lesson 7"
"regularly","rgulrl","lesson 3"
"regulate","rgulat","lesson 16"
"regulations","rgulass","lesson 25"
"relating","rlatg","lesson 25"
"relaxing","rlxg","lesson 3"
"release","rls","lesson 14"
"relent","rln","lesson 2 (complete text)"
"reliable","rlib","lesson 11"
"remain","rman","lesson 26"
"remaining","rmang","lesson 30"
"remember","rmbr","lesson 30"
"remittance","rmtn","lesson 10 (complete text)"
"remove","rmov","lesson 26"
"remover","rmovr","lesson 26"
"removers","rmvrs","lesson 26"
"render","rndr","lesson 28"
"repair","rpr","lesson 28"
"repeat","rpt","lesson 2, phonetic abbreviations"
"repetition","rpts","lesson 10"
"replaced","rplacd","lesson 21"
"report","rprt","lesson 3"
"reports","rprts","lesson 3"
"representatives","rprsntvs","lesson 20"
"reprocessed","rprsd","lesson 27"
"reprocessing","rprsg","lesson 27"
"republic","rpblc","lesson 29"
"repulsion","rpls","lesson 10"
"reputable","rputb","lesson 7"
"reputation","rputas","lesson 6"
"request","rqst","lesson 7"
"requesting","rqstg","lesson 4"
"require","q","lesson 4, briefs q=enclose, quite, require"
"required","qd","lesson 4"
"requirements","qms","lesson 4"
"requiring","qg","lesson 25"
"reservations","rsrvass","lesson 4"
"reserve","rsrv","lesson 19"
"resistant","rstn","lesson 54 (complete text)"
"resistor","rstr","lesson 59 (complete text)"
"resolve","rslv","lesson 30"
"resolved","rslvd","lesson 4"
"resources","rsrs","lesson 18"
"respect","rspk","lesson 3"
"respectfully","rspctfl","lesson 26 (complete text), they did not use k for ct here?"
"responsibility","rspnsbl","lesson 9 (lesson 15 shows rspnbl, probable error)"
"rest","rst","lesson 3"
"resting-place","rstg-plac","lesson 30"
"result","rslt","lesson 30 (complete text)"
"resulted","rsltd","lesson 12"
"resumption","rsms","lesson 5, common word beginnings and endings"
"retailer","rtalr","lesson 24"
"retailers","rtalrs","lesson 24"
"retained","rtand","lesson 10"
"retard","rtrd","lesson 5, common word beginnings and endings"
"retire","rtir","lesson 15"
"retort","rtrt","lesson 5, common word beginnings and endings"
"retractable","rtrctb","lesson 49 (complete text)"
"return","r","lesson 4, briefs r=are, or, order, our, return"
"returned","rd","lesson 7"
"reunite","runit","lesson 15"
"reveal","rvl","lesson 15"
"revisions","rvzns","lesson 10"
"rich","rc","lesson 18"
"ride","rid","lesson 3"
"right","rit","lesson 1(complete text)"
"ring","rg","lesson 12"
"rinse","rn","lesson 26"
"ripe","rip","lesson 8"
"riveting","rvtg","lesson 57 (complete text)"
"road","rod","lesson 1,rule 3 (omit sounding vowels within a word, unless they have a long sound)"
"roamed","romd","lesson 17"
"roasted","rostd","lesson 23"
"rockets'","rkts'","lesson 27"
"rods","rds","lesson 61 (complete text)"
"roentgen","rntgn","lesson 70 (complete text)"
"roller","rolr","lesson 8"
"room","rom","lesson 1, rule 4 (if a word contains a double vowel, write only one)"
"roots","rots","lesson 17"
"rotation","rotas","lesson 48 (complete text)"
"roughly","rfl","lesson 19"
"round","rwn","lesson 22"
"route","rot","lesson 4"
"row","ro","lesson 48 (complete text)"
"rows","ros","lesson 20"
"royal","ryl","lesson 2, phonetic abbreviations"
"ruin","ron","lesson 26"
"rule","rol","lesson 2, phonetic abbreviations"
"rung","rg","lesson 2 (complete text)"
"sacks","sks","lesson 14"
"saddle","sdl","lesson 66 (complete text)"
"safe","saf","lesson 26"
"safeguard","safgrd","lesson 22"
"said","sd","lesson 3"
"sail","sal","lesson 1,rule 3 (omit sounding vowels within a word, unless they have a long sound)"
"sailed","sald","lesson 6"
"saline","saln","lesson 53 (complete text)"
"salt","slt","lesson 17"
"salty","sl","lesson 2, phonetic abbreviations"
"salvation","slvas","lesson 69 (complete text)"
"same","sam","lesson 24"
"sanforized","snfizd","lesson 69 (complete text)"
"sanitary","sntr","lesson 22"
"saponification","spnfcas","lesson 62 (complete text)"
"satisfaction","stsfcs","lesson 7"
"satisfactory","stsfctor","lesson 27"
"satisfy","stsfi","lesson 25"
"saturday","s","lesson 4, day of week and months"
"save","sav","lesson 3"
"savings","savgs","lesson 19"
"savoy","svy","lesson 2 (complete text)"
"saw","sw","lesson 3"
"sawed","swd","lesson 2 (complete text)"
"say","sa","lesson 2, phonetic abbreviations"
"says","ss","lesson 3"
"scaffold","scfld","lesson 57 (complete text)"
"scarlet","scrlt","lesson 22"
"scene","sn","lesson 21"
"schedule","scdul","lesson 4"
"schizophreniac","sczofrnc","lesson 65 (complete text)"
"schmidt","schmidt","lesson 4"
"school","scol","lesson 6"
"schools","scols","lesson 28"
"scraper","scrapr","lesson 56 (complete text)"
"scraps","scrps","lesson 27"
"scrutinize","scrotniz","lesson 10"
"seal","sl","lesson 2, phonetic abbreviations"
"sealed","sld","lesson 14"
"season","ssn","lesson 4"
"secret","scrt","lesson 14"
"secretaries","scrtrs","lesson 20"
"see","s","lesson 4, briefs s=see, she, sincerely, so, wish"
"seed","sed","lesson 1(complete text)"
"seeking","sekg","lesson 27"
"seemingly","semgl","lesson 5, common word beginnings and endings"
"seen","sn","lesson 24"
"sees","ss","lesson 14"
"seismograph","sismogrf","lesson 64 (complete text)"
"seldom","sldm","lesson 13"
"selected","slctd","lesson 23"
"selecting","slctg","lesson 23"
"selection","slcs","lesson 9"
"selects","slks","lesson 14"
"selfish","slfs","lesson 5, common word beginnings and endings"
"sell","sl","lesson 19"
"selling","slg","lesson 2 (complete text)"
"send","sn","lesson 4"
"sending","sng","lesson 4"
"sense","sn","lesson 13"
"sensitive","sntv","lesson 24"
"sent","sn","lesson 28"
"separate","sprt","lesson 4"
"september","s","lesson 4, day of week and months"
"septic","sptc","lesson 22"
"sequence","sqn","lesson 14"
"sergeant","srgn","lesson 28"
"serve","srv","lesson 3"
"served","srvd","lesson 23"
"service","srvc","lesson 1(complete text)"
"services","srvs","lesson 28"
"session","ss","lesson 4"
"set","st","lesson 28"
"sets","sts","lesson 28"
"settlers","stlrs","lesson 17"
"seven","7","lesson 30"
"several","svrl","lesson 4"
"shale","sal","lesson 64 (complete text)"
"shall","sl","lesson 18"
"shape","sap","lesson 20"
"shaping","sapg","lesson 20"
"share","sr","lesson 14"
"she","s","lesson 4, briefs s=see, she, sincerely, so, wish"
"shear","ser","lesson 2, phonetic abbreviations"
"sheep","sep","lesson 27"
"shelves","slvs","lesson 14"
"shiny","sin","lesson 24"
"ship","sp","lesson 6"
"shipment","spm","lesson 4, lesson 5, common word beginnings and endings"
"shipped","spd","lesson 22"
"shirts","srts","lesson 7"
"shoelaces","solas","lesson 61 (complete text)"
"shoes","sos","lesson 14"
"shoot","sot","lesson 17"
"shop","sp","lesson 6"
"shopping","spg","lesson 6"
"short","srt","lesson 14"
"shortage","srtg","lesson 4"
"shorten","srtn","lesson 5, common word beginnings and endings"
"shortly","srtl","lesson 4"
"should","sd","lesson 3"
"shout","swt","lesson 15"
"show","so","lesson 16"
"showed","sod","lesson 16"
"showing","sog","lesson 4"
"showy","sow","lesson 2, phonetic abbreviations"
"shuttle","stl","lesson 2 (complete text)"
"sick","sk","lesson 2 (complete text)"
"side","sid","lesson 8"
"sides","sids","lesson 20"
"sigh","si","lesson 2, phonetic abbreviations"
"sight","sit","lesson 2 (complete text)"
"signify","sgnf","lesson 2 (complete text)"
"signs","sins","lesson 15"
"silk","slk","lesson 26"
"simulated","smulatd","lesson 54 (complete text)"
"simulcast","simlcst","lesson 67 (complete text)"
"since","sn","lesson 15"
"sincerely","s","lesson 4, briefs s=see, she, sincerely, so, wish"
"sir","sr","lesson 19"
"sister","str","lesson 2 (complete text)"
"sister's","str's","lesson 14"
"site","sit","lesson 6"
"situation","stuas","lesson 8"
"skill","skl","lesson 23"
"skillfully","sklfl","lesson 24"
"slaughter","sltr","lesson 17"
"slaughtering","sltrg","lesson 21"
"sleeves","slevs","lesson 20"
"sleigh","sla","lesson 2, phonetic abbreviations"
"slinky","slnk","lesson 2, phonetic abbreviations"
"slow","slo","lesson 14"
"small","sml","lesson 29"
"smaller","smlr","lesson 19"
"smallest","smlst","lesson 20"
"smart","smrt","lesson 8"
"smock","smk","lesson 10"
"snapshots","snpsts","lesson 61 (complete text)"
"so","s","lesson 3, lesson 4, briefs s=see, she, sincerely, so, wish"
"so-called","s-cld","lesson 15"
"soda","soda","lesson 26"
"sodium","sodm","lesson 53 (complete text)"
"soft","sft","lesson 14"
"sold","sold","lesson 28"
"soldier","soldr","lesson 28"
"solution","solus","lesson 4"
"some","sm","lesson 3"
"something","smtg","lesson 24"
"sometimes","smis","lesson 20"
"somewhat","smo","less on 27"
"son","sn","lesson 8"
"soon","son","lesson 27"
"sooner","sonr","lesson 28"
"sore","sor","lesson 22"
"sorted","srtd","lesson 27"
"sought","st","lesson 2, phonetic abbreviations"
"sour","swr","lesson 15"
"source","src","lesson 21"
"souring","swrg","lesson 22"
"spain","span","lesson 17"
"speaker","spkr","lesson 3"
"special","spsl","lesson 4"
"specialist","spslst","lesson 28"
"specialized","spslizd","lesson 12"
"specifications","spcfcass","lesson 51 (complete text)"
"spectrometer","spctrmtr","lesson 60 (complete text)"
"speculate","spculat","lesson 5, common word beginnings and endings"
"speech","spec","lesson 3"
"spent","spn","lesson 23"
"spices","spis","lesson 2, phonetic abbreviations"
"spirit","sprt","lesson 2 (complete text)"
"spite","spit","lesson 27 (complete text)"
"splendid","splndd","lesson 4"
"spoilage","spylg","lesson 62 (complete text)"
"spoken","spokn","lesson 6"
"sponsor","spnsr","lesson 19"
"spook","spok","lesson 14"
"sports","sprts","lesson 3"
"spotlessly","sptlsl","lesson 8"
"springfield","sprgfld","lesson 5, common word beginnings and endings"
"spudding","spdg","lesson 64 (complete text)"
"spun","spn","lesson 27"
"stabilizer","stablizr","lesson 49 (complete text)"
"stable","stab","lesson 3"
"stain","stan","lesson 26"
"stains","stans","lesson 8"
"stamp","stmp","lesson 22"
"stamping","stmpg","lesson 22"
"stand","stn","lesson 7"
"standard","stndrd","lesson 25"
"standards","stndrds","lesson 25"
"stands","stns","lesson 24"
"star","str","lesson 2, phonetic abbreviations"
"star-spangled","str-spgld","lesson 27"
"stars","strs","lesson 27"
"start","strt","lesson 21"
"starting","strtg","lesson 26"
"state","stat","lesson 5, common word beginnings and endings"
"stationery","stasr","lesson 61 (complete text)"
"stay","sta","lesson 3"
"steadily","stdl","lesson 5, common word beginnings and endings"
"steam","stm","lesson 18"
"steamboat","stmbot","lesson 18"
"steamships","stmsps","lesson 21"
"steel","stel","lesson 4"
"sterilization","strlzas","lesson 62 (complete text)"
"stewardship","sturdsp","lesson 5, common word beginnings and endings"
"stewed","stud","lesson 23"
"stiches","stcs","lesson 20"
"still","stl","lesson 27"
"stitch","stc","lesson 66 (complete text)"
"stitches","stcs","lesson 20"
"stock","stk","lesson 19"
"stomach","stmc","lesson 15"
"stood","stod","lesson 9"
"stop","stp","lesson 8"
"stopped","stpd","lesson 3, lesson 5, common word beginnings and endings"
"store","stor","lesson 9"
"stores","stors","lesson 6"
"stove","stov","lesson 23"
"stratification","strtfcas","lesson 5, common word beginnings and endings"
"streaming","strmg","lesson 27"
"strength","strgt","lesson 27"
"stringer","strgr","lesson 57 (complete text)"
"stripes","strips","lesson 27"
"strong","strg","lesson 26"
"struggled","strgld","lesson 30"
"students","stodns","lesson 3"
"studies","stds","lesson 16"
"study","std","lesson 3"
"style","stil","lesson 7"
"subsequent","sbsqn","lesson 9"
"subsoiling","sbsylg","lesson 48 (complete text)"
"substantial","sbstnsl","lesson 5, common word beginnings and endings"
"substitute","sbsttut","lesson 5, common word beginnings and endings"
"successful","scsf","lesson 10"
"such","sc","lesson 3"
"sufficiently","sfstl","lesson 9"
"suggest","sgst","lesson 29 (complete text)"
"suit","sut","lesson 2, phonetic abbreviations"
"suitability","sutbl","lesson 23"
"suited","sutd","lesson 24"
"suiting","sutg","lesson 24"
"suitings","sutgs","lesson 24"
"suits","suts","lesson 24"
"sunday","sn","lesson 4, day of week and months"
"superior","sprr","lesson 5, common word beginnings and endings"
"supermarket","sprmrkt","lesson 14"
"supermarkets","sprmrkts","lesson 18"
"supplied","splid","lesson 16"
"supply","spli","lesson 19"
"supreme","sprm","lesson 5, common word beginnings and endings"
"sure","sr","lesson 2, phonetic abbreviations, lesson 5, common word beginnings and endings"
"surely","srl","lesson 5, common word beginnings and endings"
"survey","srva","lesson 16"
"sweater","swtr","lesson 20"
"sweaters","swtrs","lesson 20"
"sweet","swet","lesson 9 (complete text)"
"swimming","swmg","lesson 3"
"symptomatic","smptomtc","lesson 65 (complete text)"
"symptoms","smptms","lesson 70 (complete text)"
"synchronization","sncrnzas","lesson 60 (complete text)"
"tabe","tap","lesson 1,rule 3 (omit sounding vowels within a word, unless they have a long sound)"
"tables","tabs","lesson 21"
"tact","tk","lesson 2 (complete text)"
"tactics","tcts","lesson 11"
"take","k","lesson 3, briefs k=kind, make, take"
"taken","kn","lesson 6"
"tame","tam","lesson 1, rule 1 (never write a silent vowel)"
"tape","tap","lesson 14"
"task","tsk","lesson 30"
"taste","tast","lesson 6"
"tastes","tasts","lesson 23"
"taught","tt","lesson 2, phonetic abbreviations"
"tax","tx","lesson 8"
"team","tm","lesson 2 (complete text)"
"teapot","tpt","lesson 2 (complete text)"
"tear","tr","lesson 14"
"tearing","trg","lesson 14"
"tease","ts","lesson 2, phonetic abbreviations"
"tech","tc","lesson 28"
"teenagers","tenagrs","lesson 10"
"teeth","tet","lesson 16"
"telegenic","tlgnc","lesson 67 (complete text)"
"television","tlvzn","lesson 28"
"tell","tl","lesson 6"
"tells","tls","lesson 21"
"templates","tmplats","lesson 57 (complete text)"
"ten","10","lesson 28"
"tenderness","tndrn","lesson 23"
"tension","tns","lesson 2, phonetic abbreviations"
"tentative","tnttv","lesson 5, common word beginnings and endings"
"term","trm","lesson 27"
"termite","trmit","lesson 5, common word beginnings and endings"
"terrify","trf","lesson 12"
"test","tst","lesson 58 (complete text)"
"tested","tstd","lesson 22"
"testing","tstg","lesson 30"
"tests","tsts","lesson 4"
"texas","texas","lesson 21"
"than","tn","lesson 3"
"thank","t","lesson 4, briefs t=thank, that, there, this, to, too"
"that","t","lesson 3, lesson 4, briefs t=thank, that, there, this, to, too"
"that's","t's","lesson 29"
"the","e","lesson 3, briefs e=he, the"
"theater","tetr","lesson 11"
"their","tr","lesson 3"
"them","tm","lesson 4"
"themselves","tmslvs","lesson 5, common word beginnings and endings"
"then","tn","lesson 29"
"theories","teors","lesson 28"
"therapeutic","trputc","lesson 70 (complete text)"
"therapy","trp","lesson 70 (complete text)"
"there","t","lesson 4, briefs t=thank, that, there, this, to, too"
"therefore","tf","lesson 7"
"thermonuclear","trmonuclr","lesson 52 (complete text)"
"thermopile","trmopil","lesson 5, common word beginnings and endings"
"these","tes","lesson 4"
"thesis","tes","lesson 11"
"they","y","lesson 4, briefs y=they, why, your"
"thief","tef","lesson 2 (complete text)"
"things","tgs","lesson 18"
"think","tnk","lesson 24 (lesson 20 shows tk, probable error)"
"thinking","tnkg","lesson 28"
"thinks","tnks","lesson 23"
"third","3rd","lesson 9"
"this","t","lesson 4, briefs t=thank, that, there, this, to, too"
"those","tos","lesson 28"
"though","to","lesson 25"
"three","3","lesson 3"
"thrifty","trft","lesson 8"
"thrive","triv","lesson 22"
"throat","trot","lesson 2, phonetic abbreviations"
"through","tro","lesson 19"
"throughout","troo","lesson 20"
"thursday","t","lesson 4, day of week and months"
"thus","ts","lesson 3"
"tidings","tidgs","lesson 5, common word beginnings and endings"
"tighten","titn","lesson 13"
"tile","til","lesson 51 (complete text)"
"time","i","lesson 3, briefs i=i, is, it, time"
"times","is","lesson 10"
"tipple","tpl","lesson 56 (complete text)"
"tires","tirs","lesson 3"
"tissues","tsus","lesson 61 (complete text)"
"titanium","titanm","lesson 53 (complete text)"
"title","titl","lesson 68 (complete text)"
"to","t","lesson 3, lesson 4, briefs t=thank, that, there, this, to, too"
"today","tda","lesson 3"
"together","tgtr","lesson 20"
"tolerance","tlrn","lesson 49 (complete text)"
"tomorrow","tmro","lesson 3"
"tone","ton","lesson 2, phonetic abbreviations"
"too","t","lesson 4, briefs t=thank, that, there, this, to, too"
"took","tok","lesson 17"
"tools","tols","lesson 3"
"tooth","tot","lesson 14"
"toothbrush","totbrs","lesson 14"
"toothpaste","totpast","lesson 61 (complete text)"
"top","tp","lesson 23"
"torn","torn","lesson 27"
"total","totl","lesson 29"
"totals","totls","lesson 19"
"tourist","trst","lesson 4"
"town","twn","lesson 26"
"toxic","txc","lesson 70 (complete text)"
"track","trk","lesson 2 (complete text)"
"tractor","trctr","lesson 48 (complete text)"
"trade","trad","lesson 18"
"traffic","trfc","lesson 7"
"trained","trand","lesson 22"
"tramroad","trmrod","lesson 56 (complete text)"
"trans-atlantic","trns-atlntc","lesson 21"
"transcontinental","trnsctnntl","lesson 21"
"transistor","trnstr","lesson 60 (complete text)"
"transit","trnst","lesson 5, common word beginnings and endings"
"transport","trnsprt","lesson 5, common word beginnings and endings"
"transportation","trnsprtas","lesson 12"
"travel","trvl","lesson 29"
"treasure","trzr","lesson 2 (complete text)"
"treasurer","trzrr","lesson 10"
"treasury","trzr","lesson 19"
"treat","trt","lesson 26"
"treatment","trtm","lesson 26"
"treble","trb","lesson 11"
"trial","tril","lesson 2 (complete text)"
"tries","tris","lesson 10"
"trip","trp","lesson 6"
"trouble","trb","lesson 2 (complete text)"
"true","tro","lesson 14"
"truly","trol","lesson 3"
"trust","trst","lesson 10"
"try","tri","lesson 3 (complete text)"
"tube","tub","lesson 49 (complete text)"
"tuberculosis","tubrculos","lesson 22"
"tubes","tubs","lesson 14"
"tuesday","tu","lesson 4, day of week and months"
"turn","trn","lesson 1,rule 3 (omit sounding vowels within a word, unless they have a long sound)"
"turned","trnd","lesson 3"
"turning","trng","lesson 3"
"twelve","12","lesson 19"
"twilight's","twilit's","lesson 27"
"two","2","lesson 21"
"types","tips","lesson 22"
"typhoid","tifyd","lesson 22"
"u.s.","u.s.","lesson 22"
"uboat","ubot","lesson 2 (complete text)"
"umpire","mpir","lesson 5, common word beginnings and endings"
"unaware","nwr","lesson 24"
"unconcern","nccrn","lesson 5, common word beginnings and endings"
"under","u","lesson 4, briefs u=under, up, us, you"
"undercut","uct","lesson 2 (complete text)"
"underlie","uli","lesson 5, common word beginnings and endings"
"undersign","usin","lesson 15"
"understand","ustn","lesson 2, phonetic abbreviations"
"understanding","ustng","lesson 28"
"understood","ustod","lesson 15"
"understudy","ustd","lesson 2 (complete text)"
"undoubtedly","ndwtdl","lesson 29"
"undreamed","ndrmd","lesson 18"
"unfinished","nfnsd","lesson 30"
"unfit","nft","lesson 22"
"unhealthy","nhlty","lesson 22"
"uniform","unfm","lesson 4"
"unify","unf","lesson 15"
"union","unyn","lesson 15"
"united states","u.s.","lesson 19"
"unpleasantness","nplsnn","lesson 7"
"unsatisfactory","nstsfctor","lesson 7"
"up","u","lesson 4, briefs u=under, up, us, you"
"upon","uo","lesson 27"
"uranium","uranm","lesson 52 (complete text)"
"urban","urbn","lesson 16"
"us","u","lesson 4, briefs u=under, up, us, you"
"use","us","lesson 1, rule 2 (always write a sounding vowel if at the beginning of a word)"
"used","usd","lesson 18"
"useful","usf","lesson 2 (complete text)"
"using","usg","lesson 16"
"usually","uzul","lesson 20"
"utility","utl","lesson 2 (complete text)"
"utter","utr","lesson 1(complete text)"
"vacation","vacas","lesson 28"
"vaccination","vcnas","lesson 48 (complete text)"
"vaccine","vcn","lesson 70 (complete text)"
"vacuum","vcum","lesson 1, rule 4 (if a word contains a double vowel, write only one)"
"vain","van","lesson 30"
"value","vlu","lesson 19"
"values","vlus","lesson 24"
"varied","vrd","lesson 15"
"various","vrs","lesson 23"
"varnish","vrns","lesson 14"
"vary","vr","lesson 7"
"vaudeville","vdvl","lesson 5, common word beginnings and endings"
"veer","ver","lesson 15"
"vegetable","vgtb","lesson 22"
"vegetables","vgtbs","lesson 3"
"vehement","vm","lesson 2, phonetic abbreviations"
"vehicle","vcl","lesson 15"
"velour","vlr","lesson 54 (complete text)"
"velvet","vlvt","lesson 69 (complete text)"
"veneer","vner","lesson 51 (complete text)"
"ventilation","vntlas","lesson 56 (complete text)"
"very","v","lesson 4, briefs v=ever, every, have, receive, very"
"veto","vto","lesson 15"
"video","vdo","lesson 2 (complete text)"
"vignette","vnyt","lesson 66 (complete text)"
"vinegar","vngr","lesson 26"
"virgin","vrgn","lesson 27"
"virginia","va.","lesson 17"
"virtue","vrtu","lesson 2 (complete text)"
"viscera","vcra","lesson 22"
"viscosity","vscst","lesson 53 (complete text)"
"visit","vst","lesson 7"
"vital","vitl","lesson 15"
"vitamins","vitms","lesson 13"
"vividness","vvdn","lesson 2 (complete text)"
"voltage","voltg","lesson 59 (complete text)"
"vote","vot","lesson 3"
"wallboards","wlbords","lesson 57 (complete text)"
"want","wn","lesson 24"
"wants","wns","lesson 3 (complete text)"
"war","wr","lesson 28"
"warm","wrm","lesson 23"
"wars","wars","lesson 18"
"was","z","lesson 4, briefs z=as, has, his, was"
"wash","ws","lesson 26"
"washable","wsb","lesson 69 (complete text)"
"washcloths","wsclts","lesson 61 (complete text)"
"washing","wsg","lesson 26"
"washington","wsgtn","lesson 5 common word beginnings and endings (lesson 20 shows wash, probable error)"
"watched","wcd","lesson 27"
"water","wtr","lesson 26"
"wave","wav","lesson 27"
"way","wa","lesson 18"
"waybill","wabl","lesson 70 (complete text)"
"wayward","wawrd","lesson 11"
"we","w","lesson 4, briefs w=how, now, we, were, which, with"
"weak","wk","lesson 2, phonetic abbreviations"
"weasel","wsl","lesson 2 (complete text)"
"weather","wtr","lesson 23"
"wednesday","w","lesson 4, day of w eek and months"
"weed","wed","lesson 2 (complete text)"
"week","wek","lesson 3"
"weevil","wevl","lesson 15"
"weigh","wa","lesson 11"
"weight","wat","lesson 29"
"welcome","lc","lesson 21"
"well","l","lesson 3, briefs l=all, also, letter, well, will"
"well-being","l-bg","lesson 13"
"well-organized","l-rgnizd","lesson 21"
"were","w","lesson 4, briefs w=how, now, we, were, which, with"
"west","wst","lesson 18"
"westward","wstwrd","lesson 17"
"whack","wk","lesson 2 (complete text)"
"what","o","lesson 3, briefs o=of, on, out, what"
"wheel","wel","lesson 2, phonetic abbreviations"
"when","n","lesson 3, briefs n=in, information, know, no, not, when"
"whether","wtr","lesson 3"
"which","w","lesson 4, briefs w=how, now, we, were, which, with"
"while","wil","lesson 29 (complete text)"
"whip","wp","lesson 15"
"who","ho","lesson 7"
"wholesale","holsal","lesson 22"
"wholesome","holsm","lesson 15"
"wholesomeness","holsmn","lesson 22"
"whose","hos","lesson 24"
"whould","sd","lesson 26"
"why","y","lesson 4, briefs y=they, why, your"
"wild","wild","lesson 17"
"wilderness","wldrn","lesson 17"
"will","l","lesson 3, briefs l=all, also, letter, well, will"
"willing","lg","lesson 18"
"winter","wntr","lesson 17"
"wire","wir","lesson 6"
"wish","s","lesson 4, briefs s=see, she, sincerely, so, wish"
"wishes","ss","lesson 4"
"with","w","lesson 4, briefs w=how, now, we, were, which, with"
"withhold","whold","lesson 5, common word beginnings and endings"
"within","wn","lesson 15"
"women","wm","lesson 3"
"won","wn","lesson 8"
"wonder","wndr","lesson 15"
"woods","wods","lesson 17"
"wool","wol","lesson 26"
"word","outline","notes"
"wore","wor","lesson 3"
"work","wrk","lesson 1(complete text)"
"workers","wrkrs","lesson 20"
"working","wrkg","lesson 18"
"workmanship","wrkmsp","lesson 24"
"world","wrld","lesson 20"
"worn","worn","lesson 27"
"worth","wrt","lesson 29 (complete text)"
"would","d","lesson 3, briefs d=dear, do, due, did, date, would"
"wrapped","rpd","lesson 14"
"wrapper","rpr","lesson 14"
"wrinkles","rnkls","lesson 24"
"written","rtn","lesson 10 (complete text)"
"yeah","y","no definitive example in workbook; just add to list supported by brief 'y', as it is extremely common"
"year","yr","lesson 6"
"years ago","yrs ag","lesson 18 (complete text), phrasing special case" 
"years ago","yrs ag","lesson 18 phrase (complete text)"
"years","yrs","lesson 17"
"yeast","yst","lesson 15"
"yellow","ylo","lesson 2 (complete text)"
"yesterday","ystrda","lesson 3 "
"yet","yt","lesson 27"
"yield","yld","lesson 2, phonetic abbreviations"
"you","u","lesson 4, briefs u=under, up, us, you"
"young","yg","lesson 28"
"your","y","lesson 4, briefs y=they, why, your"
"yours","ys","lesson 16"
"yourself","yslf","lesson 15"
"youth","ut","lesson 20"
"zeal","zl","lesson 15"
"zebra","zbra","lesson 15"
"zenith","znt","lesson 2, phonetic abbreviations"
"zero","zro","lesson 15"

